Course_Name,School_Level,Course_Level,Modality,Time,RecordedDate,Q13_1,Q13_2,Q13_3,Q13_4,Q13_5,Q13_6,Q13_7,Q5_1,Q5_2,Q5_3,Q5_4,Q5_5,Q5_6,Q5_7,Q5_8,Q5_9,Q4_1,Q4_2,Q4_3,Q4_4,Q4_5,Q4_6,Q6_1,Q6_2,Q6_3,Q6_4,Q6_5,Q6_6,Q9_1,Q9_2,Q9_3,Q9_4,Q9_5,Q9_6,Q21_1,Q21_2,Q21_3,Q21_4,Q21_5,Q21_6,Q21_7,Q21_8,Q7_1,Q7_2,Q7_3,Q7_4,Q7_5,Q7_6,Q7_7,Q23_1,Q23_2,Q23_3,Q7_Gender,Q18_Politics
ACCT 7109_F18,G,Advanced,H,217,12/2/2018 13:28,3,5,3,4,5,5,1,3,3,5,5,4,3,1,1,3,3,3,3,3,3,2,2,3,3,3,3,3,2,2,4,3,3,2,3,3,3,3,3,3,3,3,2,2,1,5,3,2,3,2,2,3,,
ACCT 7109_F18,G,Advanced,H,458,12/2/2018 13:33,2,2,1,2,2,1,2,2,2,2,2,2,2,3,2,2,2,2,2,1,1,1,1,2,2,1,1,2,2,2,2,2,2,1,2,2,2,2,2,2,2,2,2,4,2,3,2,2,2,2,2,2,,
ACCT 7109_F18,G,Advanced,H,167,12/2/2018 14:00,2,3,2,2,2,1,2,2,1,1,2,1,2,1,1,2,2,3,2,2,2,2,1,4,1,2,1,4,4,4,4,6,7,4,1,2,2,2,2,2,2,1,2,3,1,1,2,2,2,2,1,2,,
ACCT 7109_F18,G,Advanced,H,553,12/2/2018 14:01,1,1,1,1,1,1,1,1,1,2,2,1,1,1,1,1,1,1,1,1,1,1,1,1,1,1,1,1,1,1,1,2,3,2,1,1,1,1,1,1,1,1,1,1,1,1,1,1,1,1,1,1,,
ACCT 7109_F18,G,Advanced,H,340,12/2/2018 14:01,1,1,2,2,2,1,2,1,1,1,1,1,1,2,2,1,2,2,2,2,2,2,1,1,2,1,1,1,2,3,3,2,2,2,1,2,2,2,2,2,2,2,6,4,3,3,2,2,2,1,1,1,,
ACCT 7109_F18,G,Advanced,H,316,12/2/2018 14:02,2,1,2,1,3,1,2,1,1,2,2,2,2,2,2,2,1,3,1,2,2,2,1,1,2,1,3,1,3,4,4,4,7,6,2,2,1,2,1,1,1,1,1,3,2,2,2,1,2,1,2,1,,
ACCT 7109_F18,G,Advanced,H,560,12/2/2018 14:06,2,1,1,1,5,5,5,2,2,5,5,5,2,2,5,4,2,2,2,3,3,3,2,3,3,2,3,2,2,2,2,3,4,3,3,2,2,2,2,2,3,4,5,5,5,4,2,4,4,2,2,2,,
ACCT 7109_F18,G,Advanced,H,183,12/2/2018 14:21,3,3,3,3,3,3,3,3,3,5,4,6,3,4,4,3,2,4,4,2,2,3,3,2,2,3,3,3,2,2,2,3,3,3,2,2,2,3,3,3,2,3,3,3,3,3,2,3,2,3,4,3,,
ACCT 7109_F18,G,Advanced,H,309,12/2/2018 14:21,1,1,1,1,1,1,1,2,1,1,1,2,1,3,3,2,3,2,2,2,2,3,2,1,2,2,2,2,2,2,3,2,1,1,1,1,1,1,1,1,1,1,2,2,2,2,2,2,2,2,1,1,,
ACCT 7109_F18,G,Advanced,H,239,12/2/2018 14:22,2,2,2,2,2,2,2,2,2,2,2,2,2,2,2,2,2,2,2,2,2,2,2,2,2,2,2,2,1,2,2,2,1,1,1,1,1,1,1,1,1,1,1,1,1,1,1,1,1,1,1,1,,
ACCT 7109_F18,G,Advanced,H,533,12/2/2018 14:25,2,1,1,1,1,5,1,1,1,1,3,1,1,1,1,1,1,3,1,4,4,2,1,2,1,1,1,1,1,4,4,4,4,4,1,1,1,1,3,1,3,1,5,1,1,2,1,1,7,1,1,1,,
ACCT 7109_F18,G,Advanced,H,458,12/2/2018 14:27,1,1,1,1,1,4,1,1,1,1,1,1,1,1,1,1,4,1,1,3,1,1,1,1,1,1,1,1,3,5,4,4,4,2,1,1,1,1,1,1,1,1,2,2,5,4,1,1,1,1,1,1,,
ACCT 7109_F18,G,Advanced,H,399,12/2/2018 14:29,1,1,1,2,1,2,1,1,1,2,1,1,1,1,1,1,1,2,1,2,2,1,1,1,2,1,1,1,1,2,1,2,1,1,1,1,2,1,1,1,1,1,5,6,2,3,1,1,1,1,1,1,,
ACCT 7109_F18,G,Advanced,H,750,12/2/2018 14:30,1,1,2,1,2,1,2,1,1,3,3,3,1,2,2,2,2,2,2,2,2,2,1,1,1,1,1,1,2,2,2,2,2,2,1,1,1,1,1,1,1,1,3,2,2,3,2,2,2,1,1,1,,
ACCT 7109_F18,G,Advanced,H,751,12/2/2018 14:30,1,1,1,1,1,2,2,1,1,2,2,2,1,2,2,2,2,2,2,2,2,2,2,2,1,1,1,1,1,1,1,1,1,1,1,1,1,1,1,1,1,1,2,2,1,2,1,1,1,1,1,1,,
ACCT 7109_F18,G,Advanced,H,368,12/2/2018 14:32,7,7,7,7,7,7,7,1,1,1,1,1,1,1,1,1,1,1,1,1,1,1,1,1,1,1,1,1,7,7,7,7,7,7,1,1,1,1,1,1,1,1,1,1,1,1,1,1,1,1,1,1,,
ACCT 7109_F18,G,Advanced,H,462,12/2/2018 14:34,1,1,1,1,1,1,1,1,2,3,2,2,2,2,2,2,2,1,1,1,1,1,2,1,2,2,1,2,1,1,1,2,3,2,1,1,1,1,2,1,1,1,5,3,2,4,1,1,1,1,1,1,,
ACCT 7109_F18,G,Advanced,H,740,12/2/2018 14:35,1,1,1,1,1,1,1,1,1,1,1,1,1,1,1,1,1,1,1,1,1,1,1,1,1,1,1,1,1,1,2,1,2,2,1,1,1,1,1,1,1,1,1,1,4,5,1,1,1,1,1,1,,
ACCT 7109_F18,G,Advanced,H,600,12/2/2018 14:37,2,2,2,1,2,4,1,2,2,3,3,2,1,2,2,2,2,2,1,2,2,2,2,2,3,2,2,2,2,2,2,1,2,2,2,2,3,1,2,2,3,4,2,2,2,3,3,2,2,2,2,2,,
ACCT 7109_F18,G,Advanced,H,379,12/2/2018 16:18,4,4,6,6,6,6,6,6,4,6,6,6,5,6,6,6,6,7,6,6,7,7,4,4,6,6,6,7,3,3,3,3,3,3,2,3,3,3,3,3,3,3,3,3,3,3,3,3,3,6,6,4,,
ACCT 7109_F18,G,Advanced,H,702,12/2/2018 18:20,2,2,1,3,3,2,2,2,2,3,3,3,2,1,1,1,2,2,3,1,2,2,2,3,1,2,2,2,1,2,1,2,3,2,1,1,2,2,2,1,2,1,2,4,4,3,1,1,1,2,2,1,,
ACCT 7109_F18,G,Advanced,H,1276,12/2/2018 18:50,1,2,2,4,4,3,2,3,2,2,3,3,2,3,3,3,2,2,3,2,3,2,3,2,2,1,2,3,2,2,3,3,6,3,2,2,2,2,2,2,2,1,2,6,3,2,6,3,1,2,2,2,,
ACCT 7109_F18,G,Advanced,H,217,12/2/2018 20:10,1,1,1,1,1,1,1,1,1,2,1,2,2,1,2,1,2,2,1,1,1,2,2,2,1,1,2,2,6,7,7,7,7,6,2,2,1,2,1,1,2,1,2,2,1,3,1,1,1,1,1,1,,
ACCT 7109_F18,G,Advanced,H,356,12/3/2018 7:45,2,2,1,1,1,2,1,1,1,1,2,1,1,1,1,2,2,2,1,2,2,1,1,2,1,1,1,1,3,3,3,2,2,1,2,1,1,1,2,2,1,1,2,2,2,2,2,1,1,1,1,1,,
ACCT 7109_F18,G,Advanced,H,474,12/3/2018 9:34,4,4,5,4,4,5,5,4,5,5,5,4,4,4,5,5,4,3,5,5,5,5,3,5,4,4,3,5,3,5,5,5,5,5,2,2,5,5,3,3,4,3,3,2,2,2,4,4,4,4,5,3,,
ACCT 7109_F18,G,Advanced,H,292,12/3/2018 9:58,2,2,2,1,2,2,2,2,2,2,2,2,2,2,2,2,2,2,2,2,2,2,2,2,2,2,2,2,2,2,2,2,2,2,2,2,2,2,2,2,2,2,2,2,2,2,2,2,2,2,2,2,,
ACCT 7109_F18,G,Advanced,H,179,12/3/2018 11:23,2,2,2,2,2,2,2,2,2,2,2,2,2,2,2,2,1,2,2,2,2,2,2,2,2,2,2,2,2,2,2,2,2,2,2,2,2,2,2,2,2,2,2,2,2,2,2,2,2,2,2,2,,
ACCT 7109_F18,G,Advanced,H,185,12/4/2018 14:06,2,2,2,2,2,2,2,2,2,2,2,2,2,2,2,2,2,2,2,2,2,2,2,2,2,2,2,2,3,3,3,3,3,3,2,2,2,2,2,2,2,2,3,3,3,3,2,2,2,2,2,2,,
ACCT 7109_F18,G,Advanced,H,193,12/6/2018 20:36,2,2,2,2,2,2,2,2,2,2,2,2,2,2,2,2,2,2,2,2,2,2,2,2,2,2,2,2,2,2,2,2,2,2,2,2,2,2,2,2,2,2,2,2,2,2,2,2,2,2,2,2,,
ACCT 7109_F18,G,Advanced,H,40716,12/6/2018 21:02,2,2,2,2,2,2,2,2,2,2,2,2,2,2,2,2,2,2,2,2,2,2,2,2,2,2,2,2,2,2,2,2,2,2,2,2,2,2,2,2,2,2,2,2,2,2,2,2,2,2,2,2,,
ACCT 7109_F18,G,Advanced,H,2416,12/7/2018 8:52,2,2,2,2,2,2,2,2,2,2,2,2,2,2,2,2,2,2,2,2,2,2,2,2,2,2,2,2,2,2,2,2,2,2,1,1,1,1,1,1,1,1,4,4,2,3,2,2,1,2,2,1,,
ACCT 7109_F18,G,Advanced,H,106,12/7/2018 13:15,4,5,5,5,5,5,5,5,5,4,5,4,5,4,5,5,5,5,5,5,4,5,4,4,5,5,5,4,3,3,4,3,4,3,3,4,4,5,5,4,3,4,4,4,4,4,4,4,4,4,4,4,,
ACCT 3021 TR2_Sp19,UG,Intermediate,C,320,5/9/2019 7:46,2,2,2,2,2,2,2,2,2,3,3,3,3,3,3,3,2,2,2,2,2,2,2,2,2,2,2,2,2,2,2,2,2,2,2,2,2,2,2,2,2,2,3,3,3,3,2,2,2,2,2,1,,
ACCT 3021 TR2_Sp19,UG,Intermediate,C,302,5/9/2019 9:31,5,5,1,5,6,1,1,1,1,1,1,1,1,1,1,1,2,5,6,6,6,6,2,6,1,1,1,1,2,2,2,2,2,2,2,2,2,2,2,2,2,2,5,5,2,1,5,1,3,2,2,2,,
ACCT 3021 TR2_Sp19,UG,Intermediate,C,204,5/9/2019 10:39,2,3,3,2,2,3,3,4,4,5,5,5,4,5,5,5,2,3,4,4,3,3,3,4,2,3,3,4,3,4,3,3,4,3,4,4,5,4,3,4,3,3,3,3,3,3,3,3,3,3,3,3,,
ACCT 3021 TR2_Sp19,UG,Intermediate,C,152,5/9/2019 12:25,7,7,7,7,7,7,7,7,7,7,7,7,7,7,7,7,2,2,2,2,2,1,7,7,5,6,4,6,5,5,3,6,7,7,7,7,6,6,7,5,4,7,7,7,7,7,7,7,5,5,6,5,,
ACCT 3021 TR2_Sp19,UG,Intermediate,C,215,5/9/2019 12:27,2,2,2,2,2,2,2,2,2,2,1,1,1,1,1,1,1,1,1,1,1,1,1,2,1,1,1,1,3,3,3,3,2,2,1,1,1,1,1,1,1,1,1,1,1,1,1,1,1,1,1,1,,
ACCT 3021 TR2_Sp19,UG,Intermediate,C,288,5/9/2019 12:28,2,2,3,1,2,4,2,3,2,2,2,2,2,1,4,3,3,4,2,2,3,2,3,3,2,2,2,2,3,3,3,3,3,3,2,2,2,2,2,3,3,3,3,3,3,2,3,2,3,3,2,3,,
ACCT 3021 TR2_Sp19,UG,Intermediate,C,274,5/9/2019 12:29,2,2,2,2,2,2,2,2,2,3,3,3,2,3,3,3,2,3,2,2,3,3,2,3,3,2,3,3,4,4,3,4,4,4,4,4,4,3,3,3,3,3,3,3,3,3,3,3,3,3,3,3,,
ACCT 3021 TR2_Sp19,UG,Intermediate,C,358,5/9/2019 12:29,2,2,2,4,2,4,2,2,1,2,2,1,1,2,2,2,2,3,1,2,2,2,3,2,4,2,1,2,2,2,4,4,4,4,2,2,1,2,2,1,2,2,2,2,1,3,2,2,4,2,2,3,,
ACCT 3021 TR2_Sp19,UG,Intermediate,C,320,5/9/2019 12:30,4,3,4,3,4,3,2,3,3,3,3,3,3,3,3,3,3,3,3,3,3,3,3,3,3,2,3,3,3,3,3,3,3,3,3,3,3,3,3,3,3,1,3,3,3,3,3,3,2,2,2,2,,
ACCT 3021 TR2_Sp19,UG,Intermediate,C,340,5/9/2019 12:30,2,1,1,1,2,3,2,1,1,1,1,1,1,1,1,1,1,1,1,1,1,1,1,1,2,1,1,1,4,5,4,3,2,6,2,1,2,3,2,2,2,1,1,1,2,3,1,1,1,2,2,1,,
ACCT 3021 TR2_Sp19,UG,Intermediate,C,362,5/9/2019 12:31,6,4,3,6,5,3,3,5,3,2,2,2,4,5,3,2,7,6,3,1,1,3,3,3,3,2,2,2,2,2,2,2,2,2,2,2,3,3,3,3,6,7,5,3,5,4,5,4,3,3,4,3,,
ACCT 3021 TR2_Sp19,UG,Intermediate,C,409,5/9/2019 12:31,2,1,1,2,1,1,1,2,1,2,1,2,1,1,1,1,1,1,1,1,1,1,1,1,1,1,1,1,1,4,5,4,4,4,1,1,1,1,1,1,1,1,1,1,1,1,1,1,1,1,1,1,,
ACCT 3021 TR2_Sp19,UG,Intermediate,C,431,5/9/2019 12:32,1,1,1,1,1,1,1,2,2,2,2,2,3,2,2,2,3,3,3,5,2,2,3,2,2,2,3,2,2,1,1,1,2,2,2,2,2,3,3,3,2,2,2,1,2,3,2,1,3,3,2,1,,
ACCT 3021 TR2_Sp19,UG,Intermediate,C,476,5/9/2019 12:32,4,3,2,3,3,4,3,3,4,5,3,5,4,6,4,5,4,4,3,2,3,4,3,2,4,3,3,3,2,2,2,2,3,3,2,2,3,2,2,2,2,2,6,3,3,6,2,2,2,2,2,2,,
ACCT 3021 TR2_Sp19,UG,Intermediate,C,474,5/9/2019 12:32,3,3,1,3,4,2,2,1,1,2,2,1,1,2,3,3,3,3,1,2,2,2,3,3,4,1,4,3,4,4,4,4,4,1,2,2,5,3,5,4,4,4,3,4,4,6,2,3,3,2,2,2,,
ACCT 3021 TR2_Sp19,UG,Intermediate,C,337,5/9/2019 12:33,4,3,2,4,3,5,5,2,2,6,6,5,2,5,2,2,1,4,1,1,1,1,3,3,3,3,3,3,1,1,2,1,2,2,2,1,1,1,1,1,1,2,1,6,1,7,1,1,3,3,3,3,,
ACCT 3021 TR2_Sp19,UG,Intermediate,C,571,5/9/2019 12:33,1,2,2,1,2,2,2,3,2,1,2,2,2,1,1,2,1,3,1,2,2,1,1,1,1,2,2,2,1,1,2,1,2,1,1,2,1,2,3,1,1,2,1,2,2,2,2,1,1,1,1,1,,
ACCT 3021 TR2_Sp19,UG,Intermediate,C,330,5/9/2019 12:33,2,2,2,1,3,1,2,1,1,1,1,1,1,1,1,1,2,2,2,2,2,2,1,1,1,1,1,1,3,3,2,3,2,3,1,1,1,1,2,1,2,2,1,1,1,4,1,1,1,1,1,1,,
ACCT 3021 TR2_Sp19,UG,Intermediate,C,84,5/9/2019 12:34,1,1,1,1,1,1,1,1,2,1,1,2,1,1,2,1,1,2,1,1,2,1,1,1,3,2,2,1,1,1,2,1,2,1,1,1,1,1,1,1,1,1,1,1,1,1,2,1,1,1,1,1,,
ACCT 3021 TR2_Sp19,UG,Intermediate,C,626,5/9/2019 12:35,3,2,2,1,2,4,1,2,1,2,2,1,2,1,2,2,2,1,4,3,2,2,2,2,1,3,2,3,3,3,4,3,2,4,1,1,2,2,2,2,2,2,3,2,2,3,2,2,3,2,1,2,,
ACCT 3021 TR2_Sp19,UG,Intermediate,C,404,5/9/2019 12:35,3,4,2,3,4,4,4,4,4,4,4,4,3,4,5,4,3,4,4,4,4,4,4,4,4,4,4,4,4,4,4,4,4,4,4,4,3,4,4,4,4,4,3,4,3,4,4,4,4,3,4,3,,
ACCT 3021 TR2_Sp19,UG,Intermediate,C,712,5/9/2019 12:35,2,3,2,1,2,1,2,1,1,5,5,3,1,3,2,3,1,4,2,2,2,2,1,1,2,1,2,1,2,4,4,6,6,6,2,2,2,1,1,1,2,2,6,5,2,2,2,1,1,2,1,1,,
ACCT 3021 TR2_Sp19,UG,Intermediate,C,392,5/9/2019 12:35,4,2,3,2,1,2,2,1,2,3,3,2,2,2,2,2,1,1,2,3,3,3,2,2,2,2,1,2,1,2,3,2,2,4,1,1,3,2,2,2,1,2,5,5,4,3,5,2,2,1,2,2,,
ACCT 3021 TR2_Sp19,UG,Intermediate,C,833,5/9/2019 12:39,2,2,3,4,3,2,2,4,3,4,4,4,3,3,4,4,3,4,2,2,2,3,3,3,1,3,2,2,4,4,4,4,4,4,4,4,4,4,4,4,4,4,3,3,3,3,3,3,3,2,2,2,,
ACCT 3021 TR2_Sp19,UG,Intermediate,C,1438,5/9/2019 12:49,2,2,2,2,2,3,2,2,2,4,4,6,2,4,4,4,2,2,2,2,2,2,2,3,3,2,2,2,3,3,3,3,3,3,2,2,3,2,1,2,2,2,6,2,5,6,3,2,4,2,2,2,,
ACCT 3021 TR2_Sp19,UG,Intermediate,C,1086,5/9/2019 12:57,1,1,1,2,1,1,1,1,1,2,2,2,1,2,1,2,1,1,1,1,1,2,1,1,1,1,1,1,3,2,2,3,2,3,1,1,1,1,1,1,2,2,2,4,3,3,2,3,2,1,2,2,,
ACCT 3021 TR2_Sp19,UG,Intermediate,C,216,5/12/2019 21:45,2,1,1,2,2,4,1,1,1,1,1,1,1,1,1,1,1,1,1,1,1,1,1,1,1,1,1,1,2,2,2,2,2,2,1,1,1,1,1,1,1,1,3,3,2,3,3,2,2,1,1,1,,
ACCT 3021_TR11_Sp19,UG,Intermediate,C,1661,5/9/2019 8:50,2,2,2,2,2,2,2,2,2,2,2,2,3,2,1,2,1,2,2,1,1,2,2,2,1,2,2,1,2,2,1,2,2,2,2,2,2,2,3,3,2,2,3,2,3,2,2,3,3,2,1,2,,
ACCT 3021_TR11_Sp19,UG,Intermediate,C,463,5/9/2019 9:19,1,2,2,1,1,2,1,2,1,3,2,3,1,2,2,2,2,2,2,1,1,2,2,2,2,1,2,2,1,2,2,2,2,2,2,2,2,2,1,2,1,3,3,3,1,6,2,2,1,2,1,1,,
ACCT 3021_TR11_Sp19,UG,Intermediate,C,628,5/9/2019 9:20,3,3,2,3,2,4,3,2,2,3,2,2,2,3,3,2,3,4,3,3,3,3,3,3,2,2,3,2,2,4,4,3,3,3,2,2,3,3,3,3,3,2,3,5,2,2,3,3,3,2,3,2,,
ACCT 3021_TR11_Sp19,UG,Intermediate,C,390,5/9/2019 9:20,1,1,1,1,1,1,1,1,1,1,1,1,1,1,1,1,1,1,1,1,1,1,1,1,3,1,1,1,2,6,6,6,6,6,1,1,1,1,1,1,1,1,4,4,3,5,1,1,1,1,1,1,,
ACCT 3021_TR11_Sp19,UG,Intermediate,C,459,5/9/2019 9:21,2,2,2,1,1,1,2,2,2,6,5,3,2,3,2,3,2,2,1,1,1,1,2,2,2,2,1,2,1,3,3,2,4,2,1,3,2,2,2,2,2,1,5,2,2,6,2,2,2,2,2,2,,
ACCT 3021_TR11_Sp19,UG,Intermediate,C,531,5/9/2019 9:21,3,3,3,3,3,3,3,2,2,4,4,4,2,3,3,4,3,4,3,4,4,3,3,3,2,3,2,2,4,4,4,4,4,4,3,3,3,3,3,3,3,3,4,4,4,5,4,4,4,4,4,3,,
ACCT 3021_TR11_Sp19,UG,Intermediate,C,609,5/9/2019 9:22,3,3,4,5,3,6,2,5,4,6,5,3,3,6,3,5,6,6,3,3,4,3,3,3,2,3,1,2,5,5,5,3,4,4,1,2,2,2,2,2,2,2,2,3,2,2,3,5,3,5,3,3,,
ACCT 3021_TR11_Sp19,UG,Intermediate,C,553,5/9/2019 9:22,3,4,2,2,4,2,5,3,2,4,3,3,3,1,1,3,1,1,1,1,1,1,2,2,4,2,2,2,1,1,1,1,1,1,1,1,1,1,1,1,1,1,7,1,3,7,2,2,2,2,2,2,,
ACCT 3021_TR11_Sp19,UG,Intermediate,C,630,5/9/2019 9:22,2,1,1,1,1,1,2,1,1,2,1,1,1,2,2,1,2,2,1,1,1,1,2,1,2,1,2,1,2,2,1,1,1,1,1,1,3,1,1,1,1,1,3,2,2,3,1,1,1,1,1,1,,
ACCT 3021_TR11_Sp19,UG,Intermediate,C,644,5/9/2019 9:23,2,2,2,1,2,2,1,2,1,1,2,1,2,1,1,3,2,1,1,1,2,1,2,2,3,2,1,1,2,3,3,4,4,4,1,1,2,1,1,2,2,1,4,3,1,3,2,1,1,1,1,1,,
ACCT 3021_TR11_Sp19,UG,Intermediate,C,578,5/9/2019 9:24,3,3,3,3,3,3,3,2,2,4,4,3,2,2,3,3,3,3,2,3,2,3,3,3,3,3,3,3,3,4,4,3,3,3,3,3,3,2,2,2,2,2,3,3,3,2,2,3,4,3,2,3,,
ACCT 3021_TR11_Sp19,UG,Intermediate,C,474,5/9/2019 9:24,3,4,3,4,3,4,2,2,2,5,5,5,2,4,3,4,3,3,2,2,2,2,2,2,2,1,1,1,3,5,6,7,7,6,2,2,4,1,1,1,1,1,3,4,2,3,2,2,1,2,2,2,,
ACCT 3021_TR11_Sp19,UG,Intermediate,C,765,5/9/2019 9:25,2,1,2,2,1,1,2,1,1,4,3,3,1,2,2,3,2,3,1,1,2,1,2,2,1,2,2,3,2,4,3,4,4,3,2,1,3,2,2,2,3,2,4,4,3,2,2,2,1,1,2,2,,
ACCT 3021_TR11_Sp19,UG,Intermediate,C,740,5/9/2019 9:25,3,2,3,1,2,1,1,1,2,4,4,3,1,2,2,4,2,3,1,2,1,1,2,2,2,2,5,1,4,4,4,2,4,4,1,2,4,2,2,4,3,2,4,4,3,6,4,2,2,2,2,2,,
ACCT 3021_TR11_Sp19,UG,Intermediate,C,471,5/9/2019 9:29,1,1,2,3,1,4,1,2,2,7,7,4,1,2,2,3,3,4,1,1,1,1,4,1,7,1,5,1,1,1,2,2,2,2,2,2,2,2,2,2,2,1,5,2,2,6,2,3,6,2,2,2,,
ACCT 3021_TR11_Sp19,UG,Intermediate,C,826,5/9/2019 9:29,1,1,1,2,3,2,2,1,2,3,3,3,2,2,2,2,2,2,1,2,2,2,2,2,2,2,2,2,2,2,2,2,2,2,2,2,2,2,2,2,2,2,2,2,2,2,2,2,2,2,2,2,,
ACCT 3021_TR11_Sp19,UG,Intermediate,C,1131,5/9/2019 9:30,5,5,3,7,5,7,2,3,3,2,2,2,3,7,7,3,7,6,6,6,6,6,7,7,1,3,3,1,2,3,3,3,4,4,1,2,7,2,3,6,3,1,1,2,3,7,3,4,3,3,3,6,,
ACCT 3021_TR11_Sp19,UG,Intermediate,C,364,5/9/2019 9:33,6,6,1,5,4,7,1,4,4,3,3,3,3,2,2,3,4,4,3,4,4,4,4,4,6,3,4,1,4,4,4,4,4,4,2,2,6,2,2,2,2,3,2,5,3,3,3,6,6,6,3,3,,
ACCT 3021_TR11_Sp19,UG,Intermediate,C,299,5/9/2019 9:40,3,2,4,3,4,3,4,3,4,5,5,6,4,6,6,6,4,4,3,3,3,3,4,4,5,5,5,5,3,3,3,3,3,3,4,3,3,3,4,4,3,4,4,4,3,5,3,4,4,4,3,4,,
ACCT 3021_TR11_Sp19,UG,Intermediate,C,1098,5/9/2019 9:45,2,3,1,4,3,3,4,2,6,5,6,5,3,4,4,3,4,5,2,3,4,4,3,3,3,2,1,2,3,4,5,1,3,1,1,2,3,3,2,1,4,3,4,5,3,3,3,3,5,3,5,1,,
ACCT 3021_TR11_Sp19,UG,Intermediate,C,52,5/10/2019 9:23,4,4,4,4,4,4,4,4,4,4,4,4,4,4,4,4,4,4,4,4,4,4,4,4,4,4,4,4,4,4,4,4,4,4,4,4,4,4,4,4,4,4,4,4,4,4,4,4,4,4,4,4,,
ACCT 1101_Sp19,UG,Beginning,C,203,5/9/2019 8:48,2,2,1,1,1,2,2,3,2,3,3,2,2,3,3,2,2,1,2,2,2,2,2,2,1,2,2,2,2,2,2,2,2,2,2,2,2,3,2,2,3,2,2,3,2,5,2,2,2,2,2,2,,
ACCT 1101_Sp19,UG,Beginning,C,586,5/9/2019 12:51,2,2,1,1,3,2,2,2,2,1,1,1,2,1,1,1,2,2,2,1,1,1,1,1,1,1,2,2,3,4,2,4,4,5,2,3,4,3,3,3,2,1,6,4,1,5,3,2,2,2,3,1,,
ACCT 1101_Sp19,UG,Beginning,C,201,5/9/2019 13:13,3,3,3,3,2,3,3,3,3,3,3,4,3,4,4,4,3,3,3,3,3,3,3,4,4,4,4,4,4,4,4,4,4,4,3,3,3,3,3,3,3,3,3,3,3,3,3,3,3,3,3,3,,
ACCT 1101_Sp19,UG,Beginning,C,719,5/10/2019 9:23,3,3,3,2,3,3,3,3,3,4,4,3,3,3,2,3,3,4,1,2,2,1,3,2,2,2,2,2,4,4,4,4,4,4,3,3,3,3,3,3,3,2,4,3,3,4,3,2,3,2,2,2,,
ACCT 1101_Sp19,UG,Beginning,C,243,5/10/2019 15:14,4,3,2,4,4,3,4,4,3,5,6,4,4,5,4,5,5,4,3,3,3,4,4,4,3,3,3,4,4,4,4,4,4,4,3,3,3,3,3,3,3,3,3,3,3,3,3,3,3,3,3,4,,
ACCT 1101_Sp19,UG,Beginning,C,141,5/10/2019 19:58,1,1,1,1,1,1,1,1,1,1,1,1,1,1,1,1,1,1,1,1,1,1,1,1,1,1,1,1,1,1,1,1,1,1,1,1,1,1,1,1,1,1,1,1,1,1,1,1,1,1,1,1,,
ACCT 1101_Sp19,UG,Beginning,C,313,5/10/2019 21:17,2,1,2,2,1,2,1,1,1,2,2,2,1,2,2,2,2,1,1,1,1,1,1,1,1,2,2,2,2,2,2,2,2,2,1,2,2,1,1,1,2,1,2,3,2,2,1,2,2,1,2,1,,
ACCT 1101_Sp19,UG,Beginning,C,2902,5/11/2019 21:21,2,2,2,1,1,2,1,1,1,4,3,3,1,3,3,3,2,3,1,1,1,1,2,2,1,1,1,1,1,1,1,1,1,1,1,1,1,1,1,1,1,1,6,6,5,7,4,4,4,2,1,1,,
ACCT 1101_Sp19,UG,Beginning,C,530,5/11/2019 22:30,2,1,1,1,2,2,2,1,1,1,1,2,2,2,1,3,1,1,1,1,1,1,1,1,1,1,1,1,3,3,3,3,3,3,1,2,1,2,1,1,1,1,3,1,1,6,1,1,1,1,1,1,,
ACCT 1101_Sp19,UG,Beginning,C,407,5/12/2019 14:54,3,2,1,1,3,2,1,2,2,3,2,2,2,2,1,2,2,2,2,3,2,1,2,2,1,2,1,2,1,2,2,2,1,1,1,1,2,1,1,1,1,1,2,2,1,5,2,1,2,2,1,1,,
ACCT 1101_Sp19,UG,Beginning,C,138,5/12/2019 17:46,2,2,2,3,2,1,2,1,1,1,1,2,2,2,1,1,2,2,1,1,1,1,2,2,2,2,3,2,2,3,3,3,2,2,1,1,1,2,2,2,2,2,1,2,3,3,3,3,1,1,1,1,,
ACCT 1101_Sp19,UG,Beginning,C,898,5/12/2019 19:31,1,1,1,1,1,2,1,1,1,1,1,1,1,1,1,1,1,1,1,1,1,1,1,1,1,1,1,1,1,3,4,5,4,1,1,1,1,1,1,1,1,1,3,5,1,3,1,1,1,1,1,1,,
ACCT 1101_Sp19,UG,Beginning,C,535,5/12/2019 20:33,2,2,2,1,2,2,2,3,2,3,3,2,2,2,2,2,1,1,1,1,1,1,1,1,1,1,1,1,6,6,6,6,6,6,5,5,5,4,5,5,5,5,1,1,1,1,1,1,1,1,1,1,,
ACCT 1101_Sp19,UG,Beginning,C,228,5/12/2019 20:40,1,1,1,1,1,1,1,1,1,2,1,1,1,1,1,1,1,1,1,1,1,1,1,1,1,1,1,1,1,2,2,1,3,2,1,1,1,1,1,1,1,1,3,3,1,5,1,1,1,1,1,1,,
ACCT 1101_Sp19,UG,Beginning,C,556,5/13/2019 9:50,3,4,2,6,2,4,3,3,3,6,6,6,3,6,4,6,6,6,2,3,5,5,3,4,2,6,2,3,2,3,4,4,4,3,3,2,2,2,2,2,2,2,3,2,3,5,2,3,2,3,2,2,,
ACCT 1101_Sp19,UG,Beginning,C,2613,5/13/2019 10:18,3,3,3,3,3,3,3,3,3,3,3,3,3,3,3,3,3,3,3,3,3,3,3,3,3,3,3,3,3,3,3,3,3,3,3,3,3,3,3,3,3,3,3,3,3,3,3,3,3,3,3,3,,
ACCT 1101_Sp19,UG,Beginning,C,260,5/13/2019 20:15,3,3,3,4,4,4,3,4,3,5,5,5,3,5,5,5,2,4,2,2,2,2,3,3,3,3,3,3,2,5,5,3,3,3,2,2,2,2,2,2,2,2,4,2,3,5,3,3,3,2,2,2,,
ACCT 1101_Sp19,UG,Beginning,C,1681,5/13/2019 21:00,5,2,6,2,3,1,3,2,2,3,1,1,2,2,1,1,2,3,3,2,2,3,2,3,2,2,1,3,1,2,2,1,1,1,1,2,2,1,1,1,2,2,3,3,3,2,2,2,1,2,3,3,,
ACCT 1101_Sp19,UG,Beginning,C,315,5/14/2019 12:09,2,2,2,3,2,2,2,2,2,2,2,2,2,2,2,2,3,3,2,2,2,2,2,2,2,2,2,2,2,2,2,2,2,2,2,2,2,2,2,2,2,2,3,2,3,4,3,3,3,2,2,3,,
ACCT 1101_Sp19,UG,Beginning,C,379,5/14/2019 17:06,3,2,3,2,2,2,3,2,2,2,1,1,2,1,1,2,2,2,3,2,2,3,2,2,2,2,2,2,2,3,3,2,3,2,2,2,3,2,2,2,2,2,3,2,3,3,2,2,2,2,2,2,,
ACCT 1101_Sp19,UG,Beginning,C,244,5/14/2019 20:11,2,2,2,2,2,2,2,2,2,2,2,2,2,2,2,2,2,2,2,2,2,2,2,2,2,2,2,2,3,3,3,3,7,7,2,2,2,2,2,2,2,2,2,2,2,2,2,2,2,2,2,2,,
ACCT 1101_Sp19,UG,Beginning,C,661,5/15/2019 16:15,3,2,3,1,2,2,2,1,2,3,2,2,1,2,2,2,2,3,2,2,2,2,2,3,1,2,1,2,1,3,2,1,3,3,1,2,3,2,2,2,2,1,2,2,2,5,2,2,2,2,1,1,,
ACCT 1101_Sp19,UG,Beginning,C,200,5/15/2019 20:04,2,3,4,5,3,4,3,3,3,3,3,3,3,3,3,3,3,3,3,3,3,3,3,3,3,3,3,3,3,3,3,3,3,3,3,3,3,3,3,3,3,3,3,3,3,3,3,3,3,3,3,3,,
ACCT 1101_Sp19,UG,Beginning,C,116,5/15/2019 22:17,1,1,1,1,1,1,1,1,1,1,1,1,1,1,1,1,1,1,1,1,1,1,1,1,1,1,1,1,5,5,5,5,5,5,1,1,1,1,1,1,1,1,1,2,2,2,1,1,1,2,1,1,,
ACCT 1101_Sp19,UG,Beginning,C,393,5/16/2019 10:33,2,2,2,1,2,1,2,1,1,1,1,1,1,2,2,1,1,1,1,1,1,1,1,1,1,2,1,2,2,2,2,2,2,2,2,2,2,2,2,2,2,2,2,2,2,3,2,1,1,2,2,2,,
ACCT 1101_Sp19,UG,Beginning,C,343,5/16/2019 19:23,1,1,1,1,1,1,1,1,1,1,1,2,1,2,2,1,1,1,1,1,1,1,1,1,1,1,1,1,2,2,2,2,2,2,1,1,1,1,1,1,1,1,1,1,1,1,1,1,1,1,1,1,,
ACCT 1101_Sp19,UG,Beginning,C,526,5/17/2019 9:30,1,1,1,1,1,2,1,2,1,2,1,1,1,1,1,2,1,2,1,2,1,1,1,1,1,1,1,1,2,2,2,2,2,2,3,2,1,1,1,1,1,1,2,2,2,3,2,1,1,1,1,1,,
ACCT 1101_Sp19,UG,Beginning,C,246,5/17/2019 16:51,3,3,4,3,3,4,4,4,4,4,4,4,4,4,4,4,4,4,4,4,4,4,4,4,4,4,4,4,4,4,4,4,4,4,4,4,4,4,4,4,4,4,4,4,4,4,4,4,4,4,4,4,,
ACCT 1101_Sp19,UG,Beginning,C,678,5/18/2019 21:25,3,3,3,3,3,3,3,2,2,3,3,3,2,3,2,3,4,4,3,3,3,3,2,2,2,5,3,2,2,2,2,2,2,2,3,3,3,3,3,3,3,3,7,2,4,5,2,3,3,3,3,3,,
ACCT 1101_Sp19,UG,Beginning,C,28398,5/19/2019 21:08,2,2,2,2,2,2,2,2,2,2,2,2,2,2,2,2,3,2,2,3,3,2,2,2,2,1,1,2,2,3,2,2,2,2,2,2,3,2,2,2,2,2,2,2,2,2,2,2,2,2,2,2,,
ACCT 1101_Sp19,UG,Beginning,C,523,5/21/2019 21:33,1,1,1,1,1,1,1,4,1,2,2,1,1,1,1,1,2,2,1,1,1,1,2,1,1,1,1,1,1,1,1,1,3,1,1,1,1,1,1,1,1,1,3,2,3,3,2,2,1,1,1,3,,
ACCT 1101HD10_Sp19,UG,Beginning,C,403,5/9/2019 12:55,3,2,3,2,3,4,2,3,1,1,1,1,2,1,1,1,2,4,2,1,1,2,2,1,1,2,3,1,2,3,2,2,2,2,3,3,2,2,2,3,3,4,6,3,1,5,1,2,1,2,2,2,,
ACCT 1101HD10_Sp19,UG,Beginning,C,397,5/9/2019 12:55,1,1,1,1,1,2,2,1,1,1,1,1,1,1,1,1,1,1,1,1,1,1,2,2,1,2,1,1,3,2,2,2,2,3,2,2,2,1,2,2,1,2,2,2,2,2,2,1,1,1,1,1,,
ACCT 1101HD10_Sp19,UG,Beginning,C,258,5/9/2019 12:56,2,3,3,3,2,3,3,2,2,3,3,4,3,3,3,4,3,4,3,3,3,3,3,3,3,3,2,2,3,3,3,3,3,2,2,2,4,3,3,3,3,2,3,3,3,4,3,2,2,2,2,2,,
ACCT 1101HD10_Sp19,UG,Beginning,C,317,5/9/2019 12:56,2,1,2,2,1,1,1,1,1,1,1,2,1,2,1,1,1,1,1,1,1,1,1,1,1,1,1,1,2,3,5,6,5,5,1,2,2,2,2,2,2,2,5,3,2,6,2,2,2,2,1,1,,
ACCT 1101HD10_Sp19,UG,Beginning,C,390,5/9/2019 12:57,3,2,1,1,3,1,1,2,3,1,1,1,1,1,1,1,2,4,1,3,2,1,2,2,1,1,1,1,1,4,4,1,3,1,1,1,2,1,1,1,1,1,2,2,1,3,1,1,1,1,1,1,,
ACCT 1101HD10_Sp19,UG,Beginning,C,525,5/9/2019 12:57,1,1,2,1,3,3,3,3,4,5,5,4,2,2,3,4,1,2,3,2,2,3,1,2,1,2,2,1,4,3,4,2,3,3,1,1,3,2,2,2,2,3,2,2,2,2,1,1,1,1,1,2,,
ACCT 1101HD10_Sp19,UG,Beginning,C,520,5/9/2019 12:57,1,2,1,3,1,2,1,3,3,1,2,1,1,1,2,2,3,2,1,1,1,2,1,2,1,3,1,1,2,3,3,4,4,4,1,2,2,2,1,1,2,2,2,2,3,2,2,1,1,2,1,1,,
ACCT 1101HD10_Sp19,UG,Beginning,C,484,5/9/2019 12:58,2,2,2,3,2,3,2,2,2,3,3,3,3,3,3,3,2,2,2,3,2,3,3,3,2,2,2,3,2,3,3,3,1,2,2,2,1,2,2,5,2,2,3,2,2,2,3,2,2,3,3,3,,
ACCT 1101HD10_Sp19,UG,Beginning,C,1669,5/9/2019 12:59,2,2,2,1,1,1,2,3,3,3,1,2,2,6,3,3,2,1,2,1,2,1,1,2,2,1,1,2,1,2,1,1,1,1,1,2,2,3,2,3,2,1,4,3,3,7,2,2,3,2,1,1,,
ACCT 1101HD10_Sp19,UG,Beginning,C,562,5/9/2019 13:00,2,2,3,3,2,4,2,2,2,6,6,6,2,4,4,6,2,4,2,2,2,3,3,3,2,2,2,3,2,2,3,2,3,2,1,1,1,2,2,2,2,2,2,2,2,4,2,3,4,2,2,3,,
ACCT 1101HD10_Sp19,UG,Beginning,C,633,5/9/2019 13:00,1,1,1,1,2,2,2,1,1,3,3,2,2,1,2,2,1,1,1,1,1,1,2,2,1,2,2,2,4,5,5,5,5,5,2,3,2,2,2,2,2,1,2,2,2,4,2,2,2,2,2,2,,
ACCT 1101HD10_Sp19,UG,Beginning,C,726,5/9/2019 13:01,3,3,2,2,2,4,2,2,2,1,1,1,2,2,3,2,4,6,3,5,4,2,1,2,1,2,6,4,2,2,2,2,6,5,3,2,6,6,3,2,2,4,6,3,2,6,3,3,1,2,2,1,,
ACCT 1101HD10_Sp19,UG,Beginning,C,1183,5/9/2019 13:08,3,2,3,4,3,4,3,3,2,5,4,4,2,5,4,5,4,3,2,4,4,2,4,3,2,3,2,3,2,4,4,2,2,5,1,2,4,2,2,2,2,3,4,4,4,6,4,3,2,2,2,1,,
ACCT 1101HD10_Sp19,UG,Beginning,C,411,5/9/2019 16:26,2,1,2,4,5,3,2,5,2,4,4,4,5,3,3,4,2,2,1,1,1,2,2,2,1,2,1,1,2,2,2,2,2,2,1,1,5,5,2,2,2,5,4,2,2,4,2,3,2,1,1,1,,
ACCT 1101HD10_Sp19,UG,Beginning,C,757,5/9/2019 17:24,2,1,2,3,1,1,2,2,1,3,2,2,1,3,1,3,1,4,1,1,2,2,3,1,1,1,3,2,1,2,1,1,1,3,1,3,1,1,1,1,2,5,3,2,3,6,2,2,1,1,1,1,,
ACCT 1101HD10_Sp19,UG,Beginning,C,759,5/9/2019 17:25,3,1,5,1,3,6,2,2,1,6,6,5,2,6,6,6,2,3,2,1,1,1,2,2,1,1,3,1,2,2,2,2,2,2,2,2,2,1,2,2,2,2,2,2,3,3,2,5,2,2,2,1,,
ACCT 1101HD10_Sp19,UG,Beginning,C,110,5/11/2019 0:33,3,2,3,3,3,3,3,2,3,2,2,2,3,2,2,2,3,2,3,3,3,3,3,3,3,4,3,3,3,3,3,3,3,3,3,3,3,3,3,3,3,3,3,4,4,3,3,4,3,3,3,3,,
ACCT 1101HD10_Sp19,UG,Beginning,C,2652,5/11/2019 10:40,2,2,2,1,1,1,1,2,2,6,2,3,2,2,2,2,2,2,2,2,2,2,2,2,1,2,1,2,3,3,3,3,3,3,1,1,1,1,1,1,1,1,1,1,1,5,1,1,1,2,1,1,,
ACCT 1101HD10_Sp19,UG,Beginning,C,267,5/16/2019 15:23,2,3,3,2,1,2,1,1,1,1,1,1,1,1,2,1,2,2,2,2,2,1,1,2,1,1,1,2,5,5,5,6,6,6,1,1,1,1,1,1,1,1,1,2,1,4,2,1,1,2,2,2,,
BU 3502 Sp_19,UG,Intermediate,C,139,5/8/2019 13:44,3,2,2,2,2,2,3,5,3,5,5,5,3,3,3,3,2,2,2,3,3,2,2,3,3,3,3,2,2,2,3,2,3,3,3,3,3,3,3,3,2,2,3,3,3,3,3,2,3,2,3,3,,
BU 3502 Sp_19,UG,Intermediate,C,195,5/8/2019 14:05,1,1,1,1,1,1,1,2,2,2,2,2,2,2,2,2,1,3,2,2,3,3,1,2,1,2,1,3,4,3,5,4,4,4,2,3,2,3,4,3,2,4,3,3,4,6,2,2,2,2,2,2,,
BU 3502 Sp_19,UG,Intermediate,C,364,5/8/2019 14:07,3,2,3,1,2,4,2,2,2,1,1,1,3,1,1,1,2,5,2,2,2,2,2,2,1,3,1,4,2,5,5,5,5,6,1,1,6,1,2,2,1,3,5,1,2,6,6,4,2,2,1,2,,
BU 3502 Sp_19,UG,Intermediate,C,459,5/8/2019 14:08,2,2,2,3,2,2,2,3,2,2,2,2,3,2,2,2,2,2,2,2,2,2,2,4,2,2,2,4,2,2,2,2,2,2,1,1,3,2,3,2,2,3,2,2,2,2,1,2,1,1,2,2,,
BU 3502 Sp_19,UG,Intermediate,C,501,5/8/2019 14:08,3,3,3,4,3,2,2,4,3,5,4,4,3,2,3,3,3,3,3,2,2,3,2,2,3,2,4,2,2,3,3,2,2,2,3,5,6,2,6,2,3,3,2,3,4,5,3,4,3,3,3,2,,
BU 3502 Sp_19,UG,Intermediate,C,510,5/8/2019 14:09,3,6,3,2,4,2,5,2,7,6,6,6,4,7,7,6,4,6,6,4,4,5,7,7,6,3,4,6,4,4,4,6,6,7,2,7,4,3,4,4,4,4,3,5,3,4,3,4,6,4,3,2,,
BU 3502 Sp_19,UG,Intermediate,C,464,5/8/2019 14:09,4,1,3,1,2,1,1,4,2,2,3,2,1,1,1,1,2,2,1,2,1,1,4,2,1,2,2,2,1,1,1,1,1,1,1,2,4,1,1,3,4,4,4,4,2,4,2,1,1,1,1,1,,
BU 3502 Sp_19,UG,Intermediate,C,339,5/8/2019 14:09,1,1,3,4,1,2,2,1,3,3,3,3,1,4,1,4,1,1,1,2,1,3,6,1,3,1,5,3,2,3,2,2,2,2,1,1,3,1,1,1,1,1,1,1,1,1,1,1,2,1,1,1,,
BU 3502 Sp_19,UG,Intermediate,C,497,5/8/2019 14:11,1,2,3,1,2,2,1,2,2,4,3,3,2,3,3,4,2,2,2,2,2,1,2,2,2,1,1,1,1,1,1,1,1,1,2,2,2,2,2,2,2,2,3,2,2,2,2,3,3,2,2,1,,
BU 3502 Sp_19,UG,Intermediate,C,638,5/8/2019 14:11,3,2,4,5,3,3,3,3,2,5,6,6,4,6,5,6,4,3,3,4,4,2,2,4,3,2,1,3,7,7,6,7,7,6,2,1,3,4,3,4,4,2,2,3,3,6,3,3,2,3,2,2,,
BU 3502 Sp_19,UG,Intermediate,C,716,5/8/2019 14:11,2,4,4,2,2,3,2,2,3,2,2,2,3,1,3,2,3,4,3,3,3,3,4,2,1,3,4,3,1,3,4,4,2,2,1,1,4,4,4,4,3,4,5,5,3,5,3,4,4,3,2,2,,
BU 3502 Sp_19,UG,Intermediate,C,460,5/8/2019 14:14,1,3,1,3,2,4,1,2,2,3,3,3,1,2,2,2,2,1,2,2,2,2,1,1,2,2,3,2,4,4,4,4,4,4,2,2,2,2,3,2,3,3,3,3,3,3,3,3,2,2,2,2,,
BU 3502 Sp_19,UG,Intermediate,C,759,5/8/2019 14:16,3,3,3,3,2,3,2,3,3,4,4,3,3,6,5,5,3,3,3,3,3,3,3,3,2,2,3,3,3,3,3,5,3,3,2,2,3,2,3,2,2,3,2,3,2,3,3,3,2,2,2,2,,
BUS 640 Su_19,G,Intermediate,O,560,7/17/2019 18:08,2,2,2,1,1,2,1,2,2,4,4,3,2,2,2,3,2,3,1,2,2,1,2,2,3,2,1,2,5,5,5,5,5,5,1,1,2,2,1,1,1,2,3,3,2,5,2,2,2,2,1,1,,
BUS 640 Su_19,G,Intermediate,O,451,7/17/2019 18:17,1,1,1,1,1,1,1,1,1,1,1,1,1,1,1,1,1,1,1,1,1,1,1,1,1,1,1,1,1,2,1,1,2,1,1,1,1,1,1,1,1,1,3,3,1,5,1,1,1,1,1,1,,
BUS 640 Su_19,G,Intermediate,O,821,7/17/2019 18:19,1,1,1,1,1,1,1,1,1,2,1,1,1,1,1,1,1,1,1,1,1,1,1,1,1,1,1,1,3,3,3,2,3,3,1,1,1,1,1,1,1,1,5,5,2,5,2,1,2,1,1,1,,
BUS 640 Su_19,G,Intermediate,O,283,7/17/2019 18:20,2,3,1,1,2,3,1,2,1,4,3,2,1,2,1,2,4,2,4,3,3,1,1,4,1,1,2,4,2,2,1,1,1,3,2,1,2,1,3,3,2,1,4,3,1,2,1,1,1,1,1,1,,
BUS 640 Su_19,G,Intermediate,O,489,7/17/2019 19:08,2,2,1,1,1,2,1,1,1,2,1,1,1,2,2,2,1,1,1,1,1,1,1,1,1,1,1,1,2,3,3,3,4,3,2,2,2,1,1,1,1,1,2,2,2,3,3,3,2,2,1,1,,
BUS 640 Su_19,G,Intermediate,O,303,7/17/2019 19:10,1,1,1,2,1,1,2,1,1,1,1,1,2,1,1,1,1,1,2,1,1,1,1,1,1,1,1,1,1,1,1,2,2,3,1,1,1,1,1,1,2,1,1,1,1,1,1,1,1,1,1,1,,
BUS 640 Su_19,G,Intermediate,O,209,7/17/2019 20:44,1,1,1,1,2,1,1,2,2,5,4,4,2,1,1,2,1,1,1,1,1,2,1,1,1,1,1,1,2,5,4,4,4,1,1,1,2,2,1,1,1,1,1,2,2,2,2,2,2,2,2,2,,
BUS 640 Su_19,G,Intermediate,O,550,7/17/2019 20:57,3,1,3,2,3,4,3,1,1,1,1,1,1,1,1,1,1,3,3,1,1,1,4,2,4,1,3,1,2,2,2,2,2,2,2,1,3,2,2,3,3,2,5,5,5,5,5,4,3,1,1,1,,
BUS 640 Su_19,G,Intermediate,O,728,7/17/2019 21:45,2,2,1,1,1,1,1,2,1,2,1,2,1,3,3,2,1,1,2,2,2,2,1,2,2,1,1,2,4,5,5,3,5,3,2,1,2,3,3,2,2,2,3,3,3,6,2,3,3,1,1,1,,
BUS 640 Su_19,G,Intermediate,O,445,7/18/2019 1:13,2,2,2,1,2,3,2,1,1,3,3,2,1,2,3,3,1,2,2,1,1,1,2,1,2,1,1,1,3,4,4,5,5,4,2,2,2,2,3,2,3,2,3,3,2,2,2,2,2,1,2,2,,
BUS 640 Su_19,G,Intermediate,O,243,7/18/2019 5:47,2,2,2,1,1,2,1,1,1,1,1,1,1,1,1,1,2,2,2,2,2,2,2,2,2,2,2,2,2,2,2,2,2,2,1,1,1,1,1,1,1,1,2,1,1,2,2,1,2,1,1,1,,
BUS 640 Su_19,G,Intermediate,O,538,7/18/2019 6:40,2,2,3,4,3,5,3,5,4,7,7,7,4,7,7,7,4,7,3,3,3,4,4,4,4,4,4,5,6,6,6,6,6,6,3,6,4,5,5,6,5,4,4,4,6,2,5,5,7,4,4,4,,
BUS 640 Su_19,G,Intermediate,O,78,7/18/2019 6:47,1,1,1,1,1,1,1,1,1,1,1,1,1,1,1,1,1,1,1,1,1,1,1,1,1,1,1,1,2,2,2,2,2,2,2,1,2,2,1,2,2,1,2,2,2,2,2,2,2,2,2,2,,
BUS 640 Su_19,G,Intermediate,O,994,7/18/2019 7:28,2,2,2,2,3,3,4,5,2,4,4,5,2,4,4,4,3,4,2,2,4,3,2,3,1,1,1,2,6,6,6,6,6,6,1,2,2,1,1,1,1,1,5,5,5,6,3,3,2,2,2,2,,
BUS 640 Su_19,G,Intermediate,O,181,7/18/2019 7:35,3,2,2,1,3,1,1,2,2,7,7,6,2,3,2,2,2,2,2,2,2,1,2,2,2,2,2,2,2,6,6,6,2,3,1,1,4,1,1,2,1,4,1,5,1,5,2,2,2,1,1,2,,
BUS 640 Su_19,G,Intermediate,O,218,7/18/2019 8:06,2,2,2,2,2,3,3,2,2,2,2,2,2,2,2,2,2,3,2,2,2,2,3,2,2,2,2,3,3,3,3,3,2,3,2,2,2,2,2,2,2,2,3,3,3,3,2,2,2,2,2,2,,
BUS 640 Su_19,G,Intermediate,O,332,7/18/2019 8:27,2,3,2,4,1,1,3,4,2,1,1,1,4,6,3,3,3,2,2,1,2,2,2,3,4,4,4,4,3,4,3,2,3,1,2,3,4,3,3,2,3,4,2,3,2,1,2,3,2,3,2,2,,
BUS 640 Su_19,G,Intermediate,O,78,7/18/2019 11:55,1,1,1,1,1,1,1,1,1,1,1,1,1,1,1,1,1,1,1,1,1,1,1,1,1,1,1,1,1,1,1,1,1,1,1,1,1,1,1,1,1,1,1,1,1,1,1,1,1,1,1,1,,
BUS 640 Su_19,G,Intermediate,O,2332,7/18/2019 12:12,1,1,1,1,1,1,1,1,1,3,3,3,2,5,5,3,1,1,2,3,3,2,1,1,3,1,1,1,5,5,5,5,5,3,1,2,2,3,3,5,2,2,2,2,2,2,2,2,2,1,3,1,,
BUS 640 Su_19,G,Intermediate,O,690,7/18/2019 13:17,3,2,1,1,1,2,2,2,2,4,4,4,1,4,1,4,3,3,1,1,2,1,2,2,1,2,2,2,3,3,4,3,4,2,2,1,4,3,1,2,2,3,4,3,3,2,2,2,3,2,2,2,,
BUS 640 Su_19,G,Intermediate,O,1261,7/18/2019 13:27,1,1,2,1,2,1,1,2,1,4,4,2,1,2,2,4,1,1,1,1,1,1,1,1,1,1,1,1,4,4,4,4,4,4,1,1,1,1,2,2,2,2,1,1,2,2,2,2,1,1,1,1,,
BUS 640 Su_19,G,Intermediate,O,243,7/18/2019 15:33,1,1,1,1,1,1,1,2,1,2,3,2,2,1,2,2,1,2,1,1,1,1,1,1,1,1,2,2,2,2,2,2,3,3,1,1,2,3,2,1,1,1,1,1,1,1,1,1,1,1,1,1,,
BUS 640 Su_19,G,Intermediate,O,405,7/18/2019 20:05,1,1,1,1,1,1,1,1,1,2,3,3,1,1,3,2,1,1,1,1,1,1,1,1,2,1,1,1,2,2,2,2,5,5,1,2,1,1,1,1,1,1,1,1,1,6,2,2,2,1,1,1,,
BUS 640 Su_19,G,Intermediate,O,235,7/18/2019 21:50,2,2,2,2,2,3,2,3,3,6,3,4,4,3,3,3,4,4,2,2,2,3,3,3,4,3,3,2,2,2,2,2,2,2,2,2,2,2,2,2,2,2,2,3,3,3,3,3,3,3,3,3,,
BUS 640 Su_19,G,Intermediate,O,723,7/19/2019 5:03,1,1,1,1,1,1,1,1,1,1,1,1,1,1,1,1,1,1,1,1,1,1,1,1,1,1,1,1,1,2,1,1,1,3,1,1,1,1,1,1,1,1,1,3,1,5,3,1,1,1,1,1,,
BUS 640 Su_19,G,Intermediate,O,210,7/19/2019 12:34,2,1,2,2,1,2,2,2,2,3,3,2,2,2,2,2,2,2,2,2,2,2,2,2,2,2,2,3,2,2,2,3,2,2,2,3,3,2,2,2,3,2,3,3,3,4,2,2,2,3,2,2,,
BUS_640_01_F19,G,Intermediate,O,475,12/5/2019 18:42,2,1,1,1,1,1,1,1,1,1,6,1,1,1,1,1,1,6,1,1,1,1,7,1,1,1,1,1,1,1,1,1,1,1,1,1,1,1,1,1,1,1,2,2,2,7,1,1,1,1,1,1,1,0
BUS_640_01_F19,G,Intermediate,O,1105,12/5/2019 21:03,2,2,2,1,6,6,6,2,2,6,6,6,2,6,2,4,4,4,4,4,2,2,2,2,3,2,2,2,4,4,4,4,4,4,2,2,2,2,2,2,2,2,1,1,1,1,1,1,1,2,2,2,1,
BUS_640_01_F19,G,Intermediate,O,464,12/7/2019 10:07,1,1,1,2,1,4,2,2,2,1,1,1,1,1,1,1,2,2,2,2,2,2,2,2,2,2,2,2,3,3,4,4,4,4,1,1,1,1,1,1,1,1,2,2,2,2,4,4,2,2,2,2,0,1
BUS_640_01_F19,G,Intermediate,O,758,12/8/2019 14:20,2,2,1,2,1,3,1,1,2,4,2,2,1,1,3,4,2,1,2,2,2,1,2,4,2,1,1,3,1,1,1,1,1,2,1,1,1,1,1,1,1,1,2,1,2,2,2,4,1,1,1,2,1,1
BUS_640_01_F19,G,Intermediate,O,418,12/8/2019 15:02,6,6,6,6,6,6,6,4,4,7,7,7,3,3,6,7,4,4,7,4,4,4,4,4,4,4,4,4,4,4,4,4,4,4,4,4,4,4,4,4,4,4,5,5,5,6,5,4,4,4,4,4,0,
BUS_640_01_F19,G,Intermediate,O,368,12/8/2019 15:18,2,2,2,2,2,2,2,2,2,2,2,2,2,2,2,2,2,2,2,2,2,2,2,2,2,2,2,2,3,3,4,4,4,6,2,2,2,2,2,2,2,2,2,2,2,5,2,2,2,2,2,2,1,0
BUS_640_01_F19,G,Intermediate,O,574,12/8/2019 16:01,2,2,2,1,2,2,2,3,3,4,4,4,3,3,4,4,2,3,2,2,2,2,2,2,2,2,2,3,3,4,4,4,3,3,2,2,2,2,2,2,2,2,3,3,2,5,6,2,2,1,1,2,1,1
BUS_640_01_F19,G,Intermediate,O,2482,12/8/2019 19:30,1,1,1,1,1,1,1,1,1,2,1,1,1,1,1,1,1,1,1,1,1,1,1,1,1,1,1,1,2,4,4,3,3,2,1,1,1,1,1,1,2,1,3,2,3,7,2,1,1,1,1,1,1,1
BUS_640_01_F19,G,Intermediate,O,1333,12/8/2019 19:54,1,1,1,2,1,2,2,1,2,2,2,2,1,2,2,2,1,2,1,2,1,2,2,1,2,2,1,1,3,3,3,3,3,3,2,2,2,2,2,2,2,2,2,2,1,3,1,2,2,2,2,2,0,1
BUS_640_01_F19,G,Intermediate,O,2661,12/9/2019 9:47,4,4,3,4,1,4,1,1,1,3,3,3,1,3,3,3,3,3,2,2,2,2,3,2,1,1,1,2,4,4,4,4,4,4,3,3,3,1,3,3,3,3,3,3,3,3,3,3,1,1,1,1,0,1
BUS_640_01_F19,G,Intermediate,O,1355,12/9/2019 10:52,1,1,1,1,1,1,1,1,1,1,1,1,1,2,1,1,1,3,2,2,2,1,1,1,1,1,1,1,1,7,3,3,3,1,1,1,1,1,1,2,1,2,1,2,1,1,1,1,2,1,1,1,0,0
BUS_640_01_F19,G,Intermediate,O,326,12/10/2019 10:38,2,2,2,2,2,2,2,4,4,6,6,6,2,6,6,6,4,4,2,2,2,2,3,2,2,2,2,2,4,4,4,4,4,4,2,2,2,2,2,2,2,2,3,3,3,3,3,3,3,2,2,4,0,0
BUS_640_01_F19,G,Intermediate,O,537,12/10/2019 17:02,2,2,2,2,2,4,2,2,2,2,2,2,2,2,2,2,2,2,2,4,4,2,2,3,2,2,2,3,4,4,4,4,3,4,2,3,2,3,2,2,2,2,2,4,2,2,2,2,4,2,2,2,0,
BUS_640_01_F19,G,Intermediate,O,783,12/10/2019 19:15,1,1,1,1,1,1,1,1,1,1,1,1,1,1,1,1,1,1,2,2,2,2,1,2,1,1,1,1,1,1,1,1,1,1,1,1,1,1,1,1,1,1,5,1,2,7,2,2,1,1,1,1,1,1
BUS_640_01_F19,G,Intermediate,O,942,12/10/2019 22:21,2,2,2,4,2,4,2,3,2,5,5,5,2,4,4,4,3,4,2,3,3,3,3,3,2,2,2,2,2,3,3,3,4,5,2,1,2,3,2,2,2,2,3,3,3,2,2,2,3,2,2,3,0,1
BUS_640_01_F19,G,Intermediate,O,521,12/12/2019 1:00,4,5,5,2,4,4,4,3,2,4,4,4,2,4,4,2,2,2,2,2,2,2,2,2,2,2,2,2,2,2,2,2,2,2,2,2,2,2,2,2,2,2,2,2,2,2,2,2,2,2,2,2,1,
BUS_640_01_F19,G,Intermediate,O,323,12/12/2019 19:34,2,2,2,2,2,2,2,2,2,2,2,2,2,2,2,2,2,2,2,2,2,2,2,2,2,2,2,2,2,2,2,2,2,2,2,2,2,2,2,2,2,2,2,2,2,2,2,2,2,2,2,2,1,1
BUS_640_01_F19,G,Intermediate,O,364,12/12/2019 19:44,4,3,4,1,1,2,2,2,2,2,3,3,2,2,2,2,2,1,1,1,1,1,2,1,3,2,2,2,3,3,3,2,2,3,2,3,3,2,2,4,3,2,2,2,2,2,2,2,2,2,2,2,1,0
BUS_640_01_F19,G,Intermediate,O,980,12/13/2019 6:27,4,2,2,5,1,4,1,2,2,6,6,6,2,4,2,6,4,4,2,6,6,1,3,2,4,2,1,2,3,4,4,4,3,5,1,1,1,2,2,2,1,1,4,4,4,7,2,5,2,2,2,1,0,1
BUS_640_02_F19,G,Intermediate,O,608,12/5/2019 18:42,3,3,3,3,2,4,2,4,3,4,4,4,3,4,4,4,4,4,3,4,3,3,3,3,4,3,3,3,4,4,4,4,4,4,2,2,2,2,2,2,2,2,4,4,3,3,3,4,4,3,3,3,1,
BUS_640_02_F19,G,Intermediate,O,689,12/5/2019 19:04,1,1,2,2,1,2,2,2,2,2,2,1,1,1,1,1,1,2,2,2,2,2,2,2,2,2,2,1,2,3,4,3,2,3,3,3,3,2,1,2,2,2,2,2,3,2,2,2,3,1,2,3,1,1
BUS_640_02_F19,G,Intermediate,O,1079,12/5/2019 20:41,2,2,1,2,1,4,3,2,1,1,1,1,1,1,1,1,1,1,1,1,1,1,2,2,4,1,1,2,4,4,4,4,4,4,1,1,2,1,1,1,1,1,6,6,6,2,2,2,1,1,1,1,1,1
BUS_640_02_F19,G,Intermediate,O,223,12/6/2019 8:09,3,3,3,3,3,3,3,3,3,3,3,3,2,2,2,2,1,1,2,2,2,2,2,2,2,2,2,2,2,2,2,2,2,2,2,3,2,3,2,2,2,2,2,1,2,2,2,3,3,3,2,3,1,1
BUS_640_02_F19,G,Intermediate,O,684,12/7/2019 0:35,2,4,3,4,3,4,4,5,5,5,5,4,5,5,5,4,4,4,4,4,4,4,4,4,5,5,3,4,4,3,4,4,4,4,3,3,4,3,3,4,3,4,4,3,3,4,3,4,5,5,4,4,0,1
BUS_640_02_F19,G,Intermediate,O,682,12/7/2019 16:39,3,4,4,5,3,4,4,4,2,2,2,4,3,2,2,3,4,5,3,3,3,4,5,4,3,2,4,4,3,3,3,5,4,5,3,3,3,1,1,2,1,3,5,2,3,6,4,4,3,2,3,1,1,1
BUS_640_02_F19,G,Intermediate,O,818,12/7/2019 21:19,2,2,3,2,1,3,1,4,3,7,7,7,3,7,7,7,4,4,2,2,2,2,4,4,1,1,1,3,1,1,1,1,1,1,1,1,1,1,1,1,1,1,1,1,1,1,1,1,1,3,1,1,1,1
BUS_640_02_F19,G,Intermediate,O,820,12/8/2019 17:17,2,3,2,4,2,6,2,2,2,3,2,2,2,2,1,2,3,2,2,3,3,2,2,2,4,2,1,1,3,4,2,3,4,4,1,2,2,2,2,1,2,1,2,3,2,3,2,2,2,2,2,2,1,0
BUS_640_02_F19,G,Intermediate,O,1639,12/8/2019 18:34,2,5,4,1,3,3,3,2,2,7,7,6,2,2,2,6,4,4,4,4,4,3,2,2,2,2,2,2,2,2,2,2,2,2,1,1,1,1,2,2,2,2,6,2,2,3,2,2,2,2,2,2,1,0
BUS_640_02_F19,G,Intermediate,O,297,12/8/2019 18:43,1,1,1,1,1,1,1,1,1,1,1,1,1,1,1,1,1,1,1,1,1,1,1,1,1,1,1,1,1,1,1,1,1,1,1,1,1,1,1,1,1,7,1,1,1,1,1,1,1,1,1,1,0,0
BUS_640_02_F19,G,Intermediate,O,104,12/8/2019 18:58,1,1,1,1,1,1,1,1,1,1,1,1,1,1,1,1,1,1,1,1,1,1,1,1,1,1,1,1,1,1,1,1,1,1,1,1,1,1,1,1,1,1,1,1,1,1,1,1,1,1,1,1,0,0
BUS_640_02_F19,G,Intermediate,O,895,12/8/2019 20:16,2,2,2,2,2,4,2,2,2,3,3,3,2,3,3,3,4,4,3,3,3,3,2,2,1,2,2,2,3,4,4,4,4,4,2,2,2,2,3,3,3,3,2,4,2,2,3,3,3,2,2,1,0,
BUS_640_02_F19,G,Intermediate,O,1032,12/9/2019 12:05,4,4,4,3,2,3,2,3,3,4,4,4,3,4,4,4,3,4,3,4,4,4,3,4,2,2,2,3,4,4,4,4,4,4,3,2,2,2,2,2,2,3,6,3,3,7,3,3,3,3,3,3,1,1
BUS_640_02_F19,G,Intermediate,O,761,12/9/2019 12:50,2,1,1,2,1,3,1,1,1,2,1,2,1,2,2,2,2,2,2,3,3,2,1,1,1,1,1,1,2,3,3,4,4,4,1,1,2,1,1,1,2,2,3,3,2,5,2,2,1,1,1,1,1,1
BUS_640_02_F19,G,Intermediate,O,1100,12/9/2019 21:42,1,1,1,6,1,6,1,2,2,6,6,5,1,2,1,5,1,1,1,1,1,1,1,1,1,1,1,1,1,6,5,6,5,5,1,1,1,1,1,1,1,1,1,2,1,7,1,2,2,1,1,1,0,1
BUS_640_02_F19,G,Intermediate,O,720,12/13/2019 6:32,2,2,2,2,2,2,2,1,1,1,1,1,1,1,2,2,2,2,2,2,2,2,1,1,1,1,1,1,5,6,6,6,6,6,2,2,2,2,2,2,2,2,1,2,2,3,1,2,1,1,1,1,1,1
BUS_640_02_F19,G,Intermediate,O,966,12/13/2019 13:03,2,2,2,6,2,6,2,2,2,4,3,2,2,4,4,2,2,3,2,1,2,1,4,2,4,2,1,2,2,4,5,2,4,6,2,1,2,2,1,1,1,2,6,6,5,5,6,4,3,2,1,2,1,1
ACC_3021_TR2_F19,UG,Intermediate,C,276,12/5/2019 14:36,2,3,3,2,1,2,3,2,2,3,3,2,2,3,3,2,2,3,3,1,3,3,2,3,3,2,3,3,3,1,3,4,2,3,3,2,3,3,1,3,3,2,2,1,3,3,2,3,2,2,3,3,0,0
ACC_3021_TR2_F19,UG,Intermediate,C,237,12/5/2019 14:36,3,3,3,3,3,3,3,3,3,3,3,3,3,3,3,3,3,3,4,4,4,3,3,3,3,3,3,3,3,3,3,3,3,3,3,3,3,3,3,3,3,3,4,4,3,3,3,3,3,3,3,3,0,0
ACC_3021_TR2_F19,UG,Intermediate,C,497,12/5/2019 14:38,2,2,2,4,2,3,3,2,3,3,3,3,2,3,3,3,2,2,2,2,2,2,3,3,3,2,3,3,3,3,3,3,3,3,2,3,2,3,3,3,3,3,3,4,3,3,3,3,3,3,3,3,0,
ACC_3021_TR2_F19,UG,Intermediate,C,441,12/5/2019 14:39,4,4,4,4,4,4,4,4,4,4,4,4,4,4,4,4,4,4,4,4,4,4,4,4,4,4,4,4,4,4,4,4,4,4,1,1,1,1,1,1,1,1,4,4,4,4,4,4,4,4,4,4,0,0
ACC_3021_TR2_F19,UG,Intermediate,C,564,12/5/2019 14:40,2,2,2,2,2,2,2,2,2,2,2,2,2,2,2,2,2,2,2,2,2,2,3,2,2,2,2,2,5,5,5,5,5,5,2,2,2,2,2,2,2,2,2,2,2,2,2,2,2,2,2,2,1,1
ACC_3021_TR2_F19,UG,Intermediate,C,473,12/5/2019 14:41,1,1,1,1,1,1,1,3,2,1,1,1,1,1,1,1,1,1,1,1,1,1,1,1,1,1,1,1,3,3,3,3,3,3,2,2,2,2,2,2,2,2,2,2,2,6,1,2,2,1,1,1,1,1
ACC_3021_TR2_F19,UG,Intermediate,C,559,12/5/2019 14:41,3,4,2,4,3,4,3,3,4,4,4,4,4,5,4,4,4,4,3,3,3,4,4,4,4,4,3,3,3,4,4,4,4,4,3,3,3,4,3,3,3,2,2,3,2,3,3,4,4,4,4,3,0,0
ACC_3021_TR2_F19,UG,Intermediate,C,725,12/5/2019 14:43,1,3,1,3,2,4,1,2,1,1,1,1,2,1,1,1,4,4,1,1,1,2,2,1,3,2,1,1,1,1,1,1,1,1,1,1,1,2,1,1,1,1,3,2,1,5,3,2,3,2,1,1,0,1
ACC_3021_TR2_F19,UG,Intermediate,C,811,12/5/2019 14:44,2,2,2,2,2,2,2,2,2,2,2,2,2,2,2,2,2,2,2,2,2,2,2,2,2,2,2,1,2,2,2,2,2,2,1,1,1,1,1,1,1,1,2,2,1,2,2,1,1,1,1,1,0,1
ACC_3021_TR2_F19,UG,Intermediate,C,580,12/5/2019 14:44,3,2,3,3,2,3,3,3,3,5,2,2,3,6,3,2,2,7,2,2,2,2,3,3,4,4,3,3,4,4,4,4,4,4,2,2,2,2,2,2,2,2,2,2,2,2,2,2,2,3,4,2,0,0
ACC_3021_TR2_F19,UG,Intermediate,C,933,12/5/2019 14:46,2,2,2,2,2,2,2,3,3,2,2,2,3,3,2,3,3,3,2,2,2,2,3,2,3,2,2,2,2,3,2,2,2,2,2,2,2,2,2,2,2,2,2,2,2,3,2,2,2,2,2,2,1,0
ACC_3021_TR2_F19,UG,Intermediate,C,824,12/5/2019 14:46,2,3,2,1,2,1,2,1,1,3,3,2,1,3,3,3,2,2,2,3,2,1,2,2,1,2,1,1,5,6,6,6,6,5,1,1,2,2,2,1,2,1,3,3,2,4,3,2,1,1,1,1,0,
ACC_3021_TR2_F19,UG,Intermediate,C,933,12/5/2019 14:47,2,2,2,3,2,2,2,2,2,1,1,1,2,1,1,1,2,2,2,2,2,2,3,2,2,2,2,2,2,2,1,2,2,2,2,2,2,2,2,3,2,2,3,2,2,2,4,3,2,2,2,2,1,1
ACC_3021_TR2_F19,UG,Intermediate,C,691,12/5/2019 14:47,3,3,3,3,3,3,3,4,4,4,4,4,4,4,4,4,4,4,4,4,4,4,5,5,5,5,5,5,4,4,4,4,4,4,5,3,4,4,4,4,4,4,3,3,3,4,3,4,4,4,4,4,1,1
ACC_3021_TR2_F19,UG,Intermediate,C,799,12/5/2019 14:47,3,3,1,3,2,6,2,1,1,1,1,1,1,1,1,1,3,4,3,1,1,2,3,1,1,1,1,1,2,6,1,1,1,1,1,1,1,3,1,1,1,1,2,6,2,6,2,1,2,5,1,1,0,1
ACC_3021_TR2_F19,UG,Intermediate,C,968,12/5/2019 14:47,1,1,1,1,1,1,1,1,1,1,1,1,1,1,1,1,1,1,1,1,1,1,1,1,1,1,1,1,2,6,6,6,6,6,1,1,1,1,1,1,1,1,6,6,6,6,1,1,1,1,1,1,0,1
ACC_3021_TR2_F19,UG,Intermediate,C,1062,12/5/2019 14:48,3,3,2,3,3,4,3,3,3,4,5,5,3,4,4,5,3,3,3,4,3,4,2,3,2,2,2,3,3,3,3,3,3,3,2,2,3,3,3,3,3,4,5,2,2,5,2,3,3,3,3,3,1,1
ACC_3021_TR2_F19,UG,Intermediate,C,1003,12/5/2019 14:50,2,2,2,2,3,3,2,3,3,4,4,5,3,4,3,4,4,5,3,3,3,3,4,3,3,3,3,3,3,3,3,3,3,3,3,3,3,3,3,3,3,3,3,3,3,3,3,3,3,3,3,3,0,1
ACC_3021_TR2_F19,UG,Intermediate,C,921,12/5/2019 14:50,2,2,2,4,2,2,2,3,3,6,6,4,3,5,5,6,3,4,3,2,2,2,4,4,2,4,2,3,5,5,4,5,4,4,1,1,1,1,1,1,1,1,2,2,2,3,3,2,1,2,1,2,0,1
ACC_3021_TR2_F19,UG,Intermediate,C,1029,12/5/2019 14:51,3,3,2,4,4,4,4,3,3,4,4,3,1,7,3,4,1,1,1,1,1,1,1,1,4,3,4,1,7,7,7,7,7,7,1,1,4,1,1,3,3,3,4,4,4,4,4,4,4,1,1,1,0,1
ACC_3021_TR2_F19,UG,Intermediate,C,1153,12/5/2019 14:51,2,2,3,4,3,4,2,4,3,4,3,3,2,4,4,3,5,3,3,1,1,2,4,2,3,2,3,2,6,5,4,5,6,3,4,3,3,3,3,3,2,2,3,1,1,5,2,1,2,3,3,3,1,0
ACC_3021_TR2_F19,UG,Intermediate,C,1013,12/5/2019 14:52,2,3,2,1,3,3,2,5,4,6,6,6,6,6,6,5,3,2,2,3,3,3,3,2,2,2,6,6,2,2,3,2,2,2,1,1,1,1,1,1,2,2,1,1,1,6,2,1,1,2,1,1,1,0
ACC_3021_TR2_F19,UG,Intermediate,C,1269,12/5/2019 14:54,2,2,2,1,2,2,2,2,2,2,3,2,2,4,4,2,2,2,2,1,1,2,2,2,2,2,1,1,4,2,5,5,5,6,2,2,1,1,2,2,2,2,2,2,4,2,2,2,2,2,2,1,0,0
ACC_3021_TR2_F19,UG,Intermediate,C,538,12/5/2019 17:38,4,2,3,6,2,5,5,3,3,5,3,3,5,5,5,5,3,5,3,5,4,4,4,3,3,3,4,3,2,2,2,2,2,3,2,3,3,2,3,3,3,3,3,3,3,3,3,3,3,5,3,2,0,0
ACC_3021_TR2_F19,UG,Intermediate,C,1072,12/5/2019 18:24,2,2,2,2,2,3,2,2,2,4,3,3,2,2,2,3,3,2,2,2,2,2,2,2,2,2,2,2,3,3,3,3,5,3,2,2,2,2,2,2,2,2,4,2,2,5,2,2,2,2,2,2,1,
ACC_3021_TR2_F19,UG,Intermediate,C,897,12/6/2019 10:13,2,2,2,4,2,2,2,2,1,2,2,2,1,1,1,1,1,2,1,1,1,1,1,1,1,1,1,1,5,2,2,2,2,1,1,1,1,1,1,1,1,1,1,1,2,1,1,1,1,1,1,1,0,1
ACC_3021_TR2_F19,UG,Intermediate,C,1152,12/7/2019 16:18,2,1,1,1,1,3,1,1,1,2,1,1,1,1,1,1,1,2,1,1,1,1,1,1,1,1,1,1,7,7,1,7,7,7,1,2,1,1,1,1,1,1,1,2,1,5,1,2,1,1,1,1,1,1
ACC_3021_TR2_F19,UG,Intermediate,C,1246,12/10/2019 13:19,3,4,4,2,3,3,3,3,4,3,4,5,3,5,4,4,3,3,3,4,4,4,5,4,3,3,3,3,3,3,4,3,4,3,2,3,3,4,2,3,5,3,6,3,2,3,3,3,2,2,3,3,1,1
ACC_3021_TR2_F19,UG,Intermediate,C,518,12/11/2019 11:53,3,3,2,2,3,3,2,2,2,4,4,4,2,3,2,3,2,3,2,3,2,2,2,2,3,2,3,3,2,2,4,3,3,2,3,2,3,4,2,2,3,3,3,3,2,3,3,2,2,3,2,2,1,0
ACC_3021_TR2_F19,UG,Intermediate,C,450,12/12/2019 1:50,4,4,4,4,4,4,4,4,4,4,4,4,4,4,4,4,4,4,4,4,4,4,4,4,4,4,4,4,4,4,4,4,4,4,4,4,4,4,4,4,4,4,4,4,4,4,4,4,4,4,4,4,0,
ACC_3021_TR2_F19,UG,Intermediate,C,559,12/14/2019 17:11,1,1,1,1,1,1,1,1,1,3,1,1,1,1,2,1,1,1,1,1,1,1,1,1,1,1,1,1,2,2,2,2,2,2,1,1,1,1,1,1,1,1,5,2,1,6,1,1,1,1,1,1,1,0
ACCT 1011_HD10_F19,UG,Beginning,C,1372,12/11/2019 16:38,2,3,1,1,1,2,3,2,1,5,3,2,2,2,2,3,1,1,1,1,1,2,1,1,2,2,1,2,3,4,4,3,2,2,1,1,1,1,1,1,1,1,1,2,2,4,1,1,2,1,2,1,0,1
ACCT 1011_HD10_F19,UG,Beginning,C,364,12/11/2019 16:39,1,1,1,3,1,1,1,1,1,1,1,1,1,1,1,1,2,1,1,2,1,1,2,2,1,1,1,2,1,1,1,1,1,1,1,1,1,1,1,1,1,1,3,1,1,7,2,1,1,2,1,1,0,0
ACCT 1011_HD10_F19,UG,Beginning,C,464,12/11/2019 16:39,2,1,2,1,2,3,2,2,2,3,3,2,2,2,2,3,2,2,2,2,2,2,3,2,1,2,2,2,2,2,2,2,2,2,1,1,2,2,1,1,2,3,2,2,2,3,1,2,1,1,2,2,0,1
ACCT 1011_HD10_F19,UG,Beginning,C,450,12/11/2019 16:40,2,2,2,1,2,1,2,2,2,1,1,1,2,2,2,1,2,2,1,1,2,2,2,2,2,2,2,2,1,1,1,1,1,3,2,1,1,2,2,2,2,2,2,1,2,7,1,2,2,2,2,2,0,0
ACCT 1011_HD10_F19,UG,Beginning,C,542,12/11/2019 16:41,2,2,2,2,2,2,2,2,2,4,4,4,2,4,4,5,2,2,2,2,2,2,2,2,2,2,2,2,2,6,6,6,4,6,4,2,2,2,2,2,2,2,5,2,3,4,3,2,2,2,2,2,1,1
ACCT 1011_HD10_F19,UG,Beginning,C,325,12/11/2019 16:42,1,1,1,1,1,1,1,3,2,3,3,4,3,4,4,4,1,1,1,1,1,1,1,1,1,1,1,1,2,2,4,4,4,4,3,2,2,2,1,1,2,2,3,3,3,2,2,3,3,1,1,1,1,1
ACCT 1011_HD10_F19,UG,Beginning,C,488,12/11/2019 16:42,1,1,1,2,1,3,1,1,1,3,3,2,1,1,1,1,1,1,1,1,1,1,1,1,1,1,1,1,2,2,1,2,1,4,2,1,1,2,1,1,1,1,4,3,2,7,2,1,1,1,1,1,0,0
ACCT 1011_HD10_F19,UG,Beginning,C,496,12/11/2019 16:42,1,1,2,2,2,2,2,3,3,1,1,2,2,2,2,2,2,2,2,2,2,2,2,2,2,2,2,2,2,2,6,4,6,6,2,2,2,1,2,2,3,3,2,3,2,2,2,2,3,2,2,2,0,1
ACCT 1011_HD10_F19,UG,Beginning,C,622,12/11/2019 16:42,2,2,2,2,2,3,2,3,2,2,2,2,2,2,3,2,2,3,3,3,3,2,2,3,2,2,2,3,2,3,4,4,4,3,2,2,2,2,2,2,2,2,3,2,2,2,2,2,2,2,3,2,0,0
ACCT 1011_HD10_F19,UG,Beginning,C,552,12/11/2019 16:42,3,2,2,2,2,2,2,2,2,2,2,2,2,2,2,2,2,2,2,2,2,2,2,2,2,2,2,2,3,3,2,3,6,5,2,2,2,2,2,2,2,2,3,3,3,6,2,2,3,2,2,2,1,0
ACCT 1011_HD10_F19,UG,Beginning,C,646,12/11/2019 16:42,2,2,2,2,2,2,2,2,2,2,2,2,2,2,2,2,2,2,2,2,2,2,2,2,2,2,2,2,2,3,4,4,3,3,2,2,2,2,2,2,2,2,2,2,2,2,2,2,2,2,2,2,1,0
ACCT 1011_HD10_F19,UG,Beginning,C,538,12/11/2019 16:43,3,2,4,4,4,4,4,4,4,4,4,4,4,4,4,4,4,6,2,2,2,2,4,4,2,4,4,4,1,2,1,1,1,1,2,2,4,4,2,2,2,4,4,4,4,4,4,4,4,4,4,4,1,0
ACCT 1011_HD10_F19,UG,Beginning,C,378,12/11/2019 16:43,3,2,2,2,2,3,2,3,3,2,2,1,2,2,4,3,2,2,2,2,2,2,2,2,3,3,3,2,2,2,4,3,2,1,3,3,2,2,2,2,2,2,2,2,2,2,2,2,2,2,2,2,1,1
ACCT 1011_HD10_F19,UG,Beginning,C,633,12/11/2019 16:43,2,1,3,2,1,4,1,2,2,6,2,3,2,3,2,3,2,2,2,2,2,2,2,2,2,2,2,2,2,6,6,6,6,6,1,1,2,2,2,2,2,2,4,2,2,2,3,3,2,2,2,1,0,1
ACCT 1011_HD10_F19,UG,Beginning,C,758,12/11/2019 16:44,1,1,1,1,1,1,1,1,1,1,1,1,1,1,1,1,1,1,1,1,1,1,2,2,2,2,2,2,1,1,1,1,1,1,1,1,1,1,1,1,1,1,1,1,1,3,2,2,2,1,1,1,0,0
ACCT 1011_HD10_F19,UG,Beginning,C,574,12/11/2019 16:44,3,3,1,1,1,5,1,3,4,4,3,5,4,3,4,4,4,4,3,3,3,3,4,3,2,4,4,3,4,4,4,4,4,4,1,1,1,1,1,1,1,1,1,5,4,5,3,3,3,3,3,3,0,1
ACCT 1011_HD10_F19,UG,Beginning,C,707,12/11/2019 16:45,1,1,2,1,1,2,2,1,1,2,2,2,1,2,3,2,1,2,1,1,1,2,2,1,1,1,1,1,2,1,1,2,2,2,1,1,1,2,1,1,1,1,2,2,1,2,1,1,1,1,1,1,1,0
ACCT 1011_HD10_F19,UG,Beginning,C,707,12/11/2019 16:46,3,2,2,3,3,2,3,2,3,4,3,3,2,5,2,4,2,2,2,2,3,1,3,2,2,3,2,3,2,3,3,3,2,3,2,2,2,2,2,2,2,3,3,2,3,6,2,2,2,2,2,2,1,1
ACCT 1011_HD10_F19,UG,Beginning,C,826,12/11/2019 16:46,4,7,7,4,1,4,3,2,2,2,2,2,3,3,4,3,3,5,2,3,5,3,2,1,2,2,4,1,2,4,4,3,2,2,1,2,3,3,3,1,1,3,1,1,2,6,3,3,3,2,3,4,1,0
ACCT 1011_HD10_F19,UG,Beginning,C,853,12/11/2019 16:46,2,2,2,2,2,2,2,2,2,3,3,3,2,2,2,3,2,2,2,2,2,2,2,2,2,2,2,2,2,4,4,4,4,4,2,2,2,2,2,2,4,2,3,2,2,6,2,2,2,2,2,2,1,1
ACCT 1011_HD10_F19,UG,Beginning,C,896,12/11/2019 16:48,3,3,3,3,2,2,3,3,3,3,3,3,3,3,3,3,4,3,3,2,3,3,2,3,2,2,3,3,1,2,3,2,1,5,2,3,3,2,2,2,2,4,3,3,3,5,3,3,3,3,3,3,0,1
ACCT 1011_HD10_F19,UG,Beginning,C,972,12/11/2019 16:49,4,3,2,2,3,4,4,2,2,1,1,1,2,3,1,1,3,2,3,2,3,2,2,1,1,1,1,3,1,1,1,1,1,3,1,1,2,2,1,1,2,1,5,5,4,7,2,2,1,2,2,1,0,
ACCT 1011_HD10_F19,UG,Beginning,C,946,12/11/2019 16:51,3,2,3,3,4,4,4,2,3,3,2,2,3,2,2,3,4,4,3,4,5,4,3,2,2,2,3,4,4,4,5,2,4,2,2,2,2,2,2,4,2,2,2,3,3,2,2,3,4,2,3,4,0,0
ACCT 1011_HD10_F19,UG,Beginning,C,839,12/11/2019 21:12,2,2,3,2,2,3,2,2,6,4,4,4,2,4,4,4,3,2,2,2,2,2,2,2,2,2,2,2,6,6,6,6,6,6,3,3,3,2,3,2,2,2,3,3,3,4,2,2,2,2,2,2,1,1
ACCT 1011_HD10_F19,UG,Beginning,C,758,12/11/2019 21:23,2,1,2,3,2,4,2,2,2,5,3,2,2,4,4,2,2,2,2,2,2,2,2,2,2,2,2,2,2,2,2,2,2,2,2,2,2,2,2,2,2,2,2,2,2,2,2,2,2,2,2,2,0,0
ACCT 1011_HD10_F19,UG,Beginning,C,1018,12/12/2019 0:29,3,4,3,4,4,3,3,2,2,1,1,1,2,1,3,2,2,3,4,3,3,3,2,2,3,2,2,3,3,3,4,3,4,4,3,3,4,4,2,2,4,3,3,4,3,4,3,4,2,2,3,2,0,0
ACCT 1011_HD10_F19,UG,Beginning,C,1240,12/14/2019 11:17,2,2,2,1,2,2,2,2,2,2,2,2,2,2,2,2,2,2,2,2,2,2,2,2,2,2,2,2,2,2,2,2,2,2,2,2,2,2,2,2,2,2,2,2,2,2,2,2,2,2,2,2,1,1
ACCT 1011_HD10_F19,UG,Beginning,C,13956,12/15/2019 14:34,2,1,2,3,3,6,3,4,2,4,4,3,2,4,5,4,2,4,4,2,3,5,3,4,3,2,2,1,2,3,4,4,3,4,2,5,4,2,2,2,3,3,2,3,4,6,3,2,3,2,1,2,0,1
ACCT 1011_HD10_F19,UG,Beginning,C,340,12/15/2019 19:34,1,1,1,1,1,1,1,1,1,1,1,1,1,1,1,1,1,1,1,1,1,1,1,1,1,1,1,1,1,1,1,1,1,1,1,1,1,1,1,1,1,1,1,1,1,1,1,1,1,1,1,1,0,0
ACCT 1011_HD4_F19,UG,Beginning,C,389,12/10/2019 11:34,2,2,2,2,2,2,2,2,2,2,2,2,2,1,2,2,2,3,2,2,3,3,2,2,2,2,2,2,2,2,2,2,2,2,2,2,2,1,2,2,1,2,3,3,3,3,3,2,2,1,2,2,0,0
ACCT 1011_HD4_F19,UG,Beginning,C,556,12/10/2019 17:30,3,4,2,1,2,2,3,3,3,3,4,4,3,4,3,4,3,3,4,3,3,3,4,5,2,4,4,4,3,2,2,2,2,2,3,3,3,3,3,3,3,3,6,3,5,4,3,3,4,3,3,3,0,0
ACCT 1011_HD4_F19,UG,Beginning,C,329,12/11/2019 2:17,5,5,5,5,5,5,5,6,5,6,6,6,6,6,6,6,6,6,6,6,6,6,4,4,4,4,4,4,4,4,4,4,4,4,4,4,4,4,4,4,4,4,4,4,4,4,4,4,4,4,4,4,1,1
ACCT 1011_HD4_F19,UG,Beginning,C,237,12/11/2019 10:13,4,4,4,4,4,4,4,4,4,4,4,4,4,4,4,4,4,4,4,4,4,4,4,4,4,4,4,4,4,4,4,4,4,4,4,4,4,4,4,4,4,4,4,4,4,4,4,4,4,4,4,4,0,1
ACCT 1011_HD4_F19,UG,Beginning,C,859,12/11/2019 10:56,3,3,4,4,2,3,4,4,2,3,1,2,2,2,2,1,4,5,2,3,2,2,4,2,2,2,4,3,2,4,2,4,5,2,2,2,4,1,1,1,2,2,2,2,2,6,2,3,3,4,2,2,1,1
ACCT 1011_HD4_F19,UG,Beginning,C,342,12/11/2019 11:00,3,3,7,2,3,2,3,3,3,7,6,5,3,6,6,7,5,5,3,3,5,5,2,5,2,3,3,6,3,3,2,3,3,3,2,2,3,3,2,5,3,5,4,3,6,3,5,3,3,3,2,4,0,
ACCT 1011_HD4_F19,UG,Beginning,C,417,12/11/2019 11:02,4,5,2,2,2,2,2,3,2,2,1,3,2,4,3,2,4,1,2,3,6,3,3,3,3,2,3,2,1,3,4,2,3,3,1,3,4,2,3,3,5,3,2,2,2,3,3,3,4,2,2,3,0,0
ACCT 1011_HD4_F19,UG,Beginning,C,555,12/11/2019 11:05,3,3,2,5,2,5,5,5,6,7,7,7,5,5,5,5,4,5,4,3,3,4,5,5,4,3,3,4,3,4,7,5,4,3,4,4,4,4,4,4,4,4,4,4,4,4,4,5,4,4,4,4,1,1
ACCT 1011_HD4_F19,UG,Beginning,C,405,12/11/2019 11:09,2,2,2,4,5,3,6,3,3,2,3,3,2,2,2,2,2,2,2,2,2,2,2,2,2,2,2,2,4,2,2,2,2,2,2,2,2,2,2,2,2,2,4,4,3,4,4,4,4,2,2,2,1,1
ACCT 1011_HD4_F19,UG,Beginning,C,2490,12/11/2019 12:42,2,2,2,3,2,4,2,1,1,1,2,1,1,1,1,1,1,4,2,5,4,1,4,3,2,2,5,4,2,4,4,4,4,4,2,2,2,1,1,1,1,1,1,1,1,1,1,1,1,1,1,1,1,1
ACCT 1011_HD4_F19,UG,Beginning,C,143,12/11/2019 14:49,2,2,2,2,2,2,2,2,2,2,2,2,2,2,2,2,2,2,2,2,2,2,2,2,2,2,2,2,2,2,2,2,2,2,2,2,2,2,2,2,2,2,2,2,2,2,2,2,2,2,2,2,0,0
ACCT 1011_HD4_F19,UG,Beginning,C,10941,12/13/2019 1:00,2,2,2,2,2,2,2,1,1,2,2,2,2,2,2,2,2,2,2,2,2,2,2,2,2,2,2,2,4,4,4,4,4,4,2,2,2,2,2,2,2,2,3,3,3,3,3,3,1,2,2,2,0,1
ACCT 1011_HD4_F19,UG,Beginning,C,803,12/16/2019 17:45,2,2,3,2,2,2,2,2,2,3,3,2,6,3,3,3,3,2,1,2,2,2,3,2,2,2,2,2,2,5,4,4,4,5,2,1,2,1,2,2,2,2,4,2,3,5,2,2,1,2,1,2,0,1
ACCT 1011_HD4_F19,UG,Beginning,C,314,12/16/2019 19:06,2,2,2,2,2,2,2,3,2,2,3,2,3,2,2,2,2,2,2,3,2,3,2,2,3,2,2,2,2,2,2,2,3,2,2,2,2,3,2,2,3,2,2,2,2,2,2,2,2,2,2,2,0,0
ACCT 1011_HD4_F19,UG,Beginning,C,129,12/17/2019 17:47,4,4,4,4,4,4,4,4,4,4,4,4,4,4,4,4,4,4,4,4,4,4,4,4,4,4,4,4,4,4,4,4,4,4,4,4,4,4,4,4,4,4,4,4,4,4,4,4,4,4,5,4,0,1
ACCT 1011_HD4_F19,UG,Beginning,C,229,12/18/2019 7:00,2,2,2,2,2,2,2,2,2,2,2,2,2,2,2,2,2,2,2,2,2,2,2,2,2,2,2,2,2,2,2,2,2,2,2,2,2,2,2,2,2,2,2,2,2,2,2,2,2,2,2,2,0,0
ACCT 1011_HD4_F19,UG,Beginning,C,194,12/18/2019 8:43,3,3,3,3,3,3,3,3,3,3,3,3,3,3,3,3,3,3,3,3,3,3,4,3,3,5,3,3,3,3,2,3,3,3,3,3,4,3,4,3,3,4,3,3,4,4,2,3,4,3,2,3,0,0
ACCT 1201_F19,UG,Beginning,C,1124,12/10/2019 14:26,2,2,2,2,2,2,2,2,2,3,3,4,3,4,3,4,2,2,2,2,2,2,1,2,2,2,1,2,3,4,4,4,4,4,2,2,2,2,2,1,2,1,2,2,2,4,4,3,2,2,2,2,0,1
ACCT 1201_F19,UG,Beginning,C,210,12/10/2019 15:51,1,2,1,2,1,2,1,2,1,2,1,2,1,2,1,2,3,3,3,3,3,3,3,3,3,3,3,3,3,3,3,3,3,3,4,4,4,4,4,4,4,4,4,4,4,4,4,4,4,4,4,4,0,0
ACCT 1201_F19,UG,Beginning,C,160,12/11/2019 12:30,1,1,1,1,1,1,1,1,1,1,1,1,1,1,1,1,1,1,1,1,1,1,1,2,1,1,2,2,2,1,1,2,2,2,2,2,2,2,2,2,2,2,1,1,1,1,1,1,2,2,2,2,0,0
ACCT 1201_F19,UG,Beginning,C,268,12/11/2019 12:32,1,1,1,1,1,1,1,1,1,1,1,1,1,1,1,1,1,1,1,1,1,1,1,1,1,1,1,1,1,1,1,1,1,1,1,1,1,1,1,1,1,1,1,1,1,1,1,1,1,1,1,1,0,1
ACCT 1201_F19,UG,Beginning,C,350,12/11/2019 12:33,1,1,1,2,1,1,3,1,1,1,1,1,2,1,1,1,2,2,2,2,2,2,2,2,1,2,3,2,1,1,1,1,1,1,1,1,1,1,1,1,1,1,4,4,2,2,2,2,2,3,1,1,1,1
ACCT 1201_F19,UG,Beginning,C,343,12/11/2019 12:33,1,1,1,1,1,1,1,1,1,2,3,3,1,2,3,2,1,1,1,1,1,1,1,1,1,1,1,1,1,2,2,2,3,2,1,1,1,1,1,1,1,3,2,2,2,2,2,2,2,2,2,1,1,1
ACCT 1201_F19,UG,Beginning,C,448,12/11/2019 12:34,4,3,2,4,4,4,4,3,3,3,3,3,3,3,3,3,3,4,3,2,3,3,4,4,3,3,3,3,1,1,2,2,3,3,2,2,2,2,2,2,2,2,2,2,4,4,4,4,3,3,3,4,0,
ACCT 1201_F19,UG,Beginning,C,414,12/11/2019 12:34,3,2,2,1,1,2,2,2,2,3,2,2,2,1,2,2,2,2,2,2,2,1,2,2,2,1,1,2,3,4,5,5,6,6,2,1,2,2,2,1,2,2,3,1,2,5,1,2,2,2,1,2,1,1
ACCT 1201_F19,UG,Beginning,C,417,12/11/2019 12:34,2,2,2,2,2,2,2,1,1,2,2,3,2,3,3,3,3,3,3,3,3,3,2,2,3,2,2,2,3,4,4,3,3,4,3,3,3,4,3,3,3,3,5,5,2,4,3,3,3,2,2,2,0,1
ACCT 1201_F19,UG,Beginning,C,440,12/11/2019 12:34,1,1,1,1,1,1,1,1,1,1,2,1,1,1,1,1,1,1,1,2,2,2,1,1,1,1,2,2,2,2,2,2,2,2,2,2,2,2,2,3,2,2,2,2,2,2,2,2,2,1,1,1,1,1
ACCT 1201_F19,UG,Beginning,C,534,12/11/2019 12:35,2,2,2,2,2,2,2,3,3,4,4,4,3,3,4,4,3,4,3,3,3,3,3,2,4,1,2,2,3,4,4,4,4,4,1,2,2,2,2,2,2,1,2,2,4,4,4,3,3,3,2,2,0,0
ACCT 1201_F19,UG,Beginning,C,528,12/11/2019 12:35,1,2,1,1,1,1,1,1,1,1,1,1,1,1,1,1,1,3,3,2,1,1,1,1,1,1,1,1,1,1,1,1,1,1,1,1,1,1,1,1,1,1,3,1,1,3,3,3,1,1,1,1,1,1
ACCT 1201_F19,UG,Beginning,C,472,12/11/2019 12:36,1,1,1,1,1,1,1,1,1,1,1,1,1,1,1,1,1,1,1,1,1,1,1,1,1,1,1,1,1,1,1,1,1,1,1,1,1,1,1,1,1,1,1,1,1,3,1,1,1,1,1,1,0,1
ACCT 1201_F19,UG,Beginning,C,520,12/11/2019 12:36,2,1,1,2,2,2,2,1,1,3,3,3,1,1,1,2,1,3,2,2,2,3,2,2,1,1,1,2,1,2,2,2,2,2,1,1,3,2,3,1,2,1,2,1,3,3,2,1,1,1,2,1,1,0
ACCT 1201_F19,UG,Beginning,C,559,12/11/2019 12:36,3,2,3,3,3,3,3,3,3,4,4,6,3,5,4,4,3,3,3,3,3,3,2,2,2,4,3,3,3,3,3,3,3,3,3,1,3,3,3,3,3,3,3,3,3,3,3,3,3,3,3,3,0,
ACCT 1201_F19,UG,Beginning,C,419,12/11/2019 12:36,2,2,2,2,2,2,2,2,2,2,2,2,2,2,2,2,2,2,2,2,2,2,2,2,2,2,2,2,3,4,4,3,5,5,2,2,2,2,4,2,4,2,1,2,1,3,2,4,2,3,1,2,0,0
ACCT 1201_F19,UG,Beginning,C,594,12/11/2019 12:37,3,2,2,2,2,2,2,2,2,2,2,2,2,3,2,3,3,3,2,2,2,3,3,3,2,3,2,2,2,4,2,2,3,3,2,2,3,2,3,3,3,2,3,4,3,3,3,3,4,2,3,4,1,0
ACCT 1201_F19,UG,Beginning,C,510,12/11/2019 12:37,2,2,2,3,3,3,3,3,3,2,2,2,2,1,2,2,3,4,3,3,3,3,3,3,3,3,3,3,4,4,4,4,4,4,3,3,3,3,3,3,3,3,3,3,3,3,4,4,4,3,4,4,1,1
ACCT 1201_F19,UG,Beginning,C,571,12/11/2019 12:37,3,3,4,2,3,1,2,2,2,3,3,3,3,3,5,3,2,4,3,4,3,3,3,3,2,2,4,3,1,2,2,2,2,3,3,3,3,3,4,3,2,3,3,2,3,2,3,2,4,2,2,2,0,1
ACCT 1201_F19,UG,Beginning,C,768,12/11/2019 12:41,1,1,1,2,2,3,3,1,1,1,1,1,1,1,1,1,1,1,1,1,1,1,1,1,1,1,1,1,2,2,2,2,2,2,1,1,1,1,4,1,1,1,1,3,3,7,3,3,1,1,1,1,0,0
ACCT 1201_F19,UG,Beginning,C,759,12/11/2019 12:41,1,1,1,1,1,1,1,1,1,1,1,1,1,1,1,1,1,1,1,1,1,1,1,1,1,1,1,1,1,1,2,2,1,2,1,1,1,1,1,1,1,1,1,1,1,1,1,1,1,1,1,1,1,0
ACCT 1201_F19,UG,Beginning,C,990,12/11/2019 12:44,7,7,7,7,7,7,7,7,7,7,7,7,7,7,7,7,7,7,7,7,7,7,7,7,7,7,7,7,7,7,7,7,4,4,7,7,7,7,7,7,7,7,7,7,7,7,7,7,7,7,7,7,0,
ACCT 1201_F19,UG,Beginning,C,1391,12/11/2019 12:51,3,2,2,3,3,3,4,4,4,6,4,4,3,4,3,3,4,3,3,3,3,2,2,2,3,2,2,2,4,4,4,4,4,4,4,4,4,4,4,4,4,4,3,3,2,6,3,2,2,2,3,3,0,0
ACCT 1201_F19,UG,Beginning,C,44860,12/19/2019 0:57,1,1,1,1,1,4,1,1,1,7,7,1,1,1,1,1,1,3,1,1,1,1,1,1,3,1,7,1,1,7,7,7,7,7,1,1,3,1,1,1,1,1,,,,,,,,,,,,
BUS_640.01_Sp20,G,Intermediate,O,755,5/9/2020 14:02,2,3,2,2,1,4,2,2,1,4,4,2,2,1,1,2,2,2,1,3,3,2,2,2,2,2,3,2,3,5,3,5,5,5,2,2,3,2,2,2,3,2,2,3,3,2,2,2,4,2,2,2,1,1
BUS_640.01_Sp20,G,Intermediate,O,743,5/9/2020 14:03,3,3,3,2,4,3,3,3,3,4,4,4,2,4,4,4,3,3,3,3,4,4,3,3,2,3,3,2,3,4,4,4,4,4,3,3,3,2,2,2,3,3,4,4,4,4,2,2,4,3,3,3,1,1
BUS_640.01_Sp20,G,Intermediate,O,839,5/9/2020 14:05,2,2,2,2,2,2,2,2,2,2,2,2,2,3,3,4,3,3,3,2,2,2,3,3,3,4,3,4,6,6,6,6,6,6,2,2,2,1,2,2,2,2,2,2,2,3,3,4,4,3,3,3,1,
BUS_640.01_Sp20,G,Intermediate,O,1152,5/9/2020 14:08,2,2,1,2,2,1,1,2,2,3,2,2,2,2,3,2,2,3,2,2,2,2,2,2,3,2,2,2,2,4,4,4,4,2,1,2,3,2,2,2,2,2,4,4,4,4,3,4,4,2,2,3,1,0
BUS_640.01_Sp20,G,Intermediate,O,365,5/9/2020 14:29,1,1,1,1,1,1,1,1,1,4,4,3,1,1,1,1,1,1,1,1,1,1,1,1,1,1,1,1,2,2,2,2,2,2,1,1,1,1,1,1,1,1,1,3,1,7,1,1,3,1,1,1,0,1
BUS_640.01_Sp20,G,Intermediate,O,1014,5/9/2020 15:49,1,1,1,1,1,1,1,1,1,2,2,2,1,2,4,2,1,1,1,1,2,1,1,1,2,1,1,1,2,2,2,2,2,2,1,1,1,1,1,1,1,1,2,2,2,3,1,1,1,1,1,1,1,1
BUS_640.01_Sp20,G,Intermediate,O,2196,5/9/2020 17:07,2,2,2,3,2,3,2,2,2,5,3,3,2,3,5,5,2,2,2,2,2,2,2,2,2,2,2,2,5,4,5,4,5,5,2,2,2,2,2,2,2,2,2,5,2,5,2,2,2,2,2,2,1,1
BUS_640.01_Sp20,G,Intermediate,O,755,5/9/2020 17:14,1,1,1,1,1,1,1,3,1,3,3,2,1,1,2,3,1,1,1,1,1,1,1,1,1,1,1,1,4,4,3,2,6,3,2,2,1,5,3,2,2,1,2,4,2,3,2,1,4,1,1,1,1,1
BUS_640.01_Sp20,G,Intermediate,O,824,5/9/2020 17:22,1,1,2,4,1,6,1,2,1,4,3,2,1,2,3,2,4,3,2,3,3,1,3,2,3,2,1,1,3,2,2,2,2,3,1,1,3,4,2,2,2,2,2,2,2,1,1,4,4,1,1,2,0,1
BUS_640.01_Sp20,G,Intermediate,O,611,5/9/2020 21:35,2,2,2,2,2,2,2,2,2,4,4,4,2,3,3,3,2,2,2,2,2,2,2,2,2,2,2,2,3,3,3,3,3,3,2,2,2,2,2,2,2,2,2,2,2,2,2,2,2,2,2,2,1,1
BUS_640.01_Sp20,G,Intermediate,O,535,5/9/2020 22:19,1,1,1,1,1,1,1,1,1,2,2,2,1,2,2,2,1,1,1,1,1,1,1,1,1,1,1,1,1,2,2,2,2,2,2,2,3,4,2,2,2,2,4,4,4,4,4,4,2,1,1,1,1,1
BUS_640.01_Sp20,G,Intermediate,O,815,5/10/2020 9:10,1,1,1,2,1,1,1,1,1,1,1,1,1,1,1,1,1,1,1,1,1,1,1,1,1,1,1,1,1,1,1,1,1,1,1,1,1,1,1,1,1,1,5,5,1,7,1,1,4,1,1,1,1,0
BUS_640.01_Sp20,G,Intermediate,O,809,5/10/2020 16:55,1,1,2,2,1,2,1,1,1,2,2,2,1,2,1,1,1,2,1,1,1,1,1,1,1,1,1,1,3,2,2,2,4,3,1,1,1,1,1,1,1,1,2,4,3,3,1,1,4,1,1,1,1,0
BUS_640.01_Sp20,G,Intermediate,O,487,5/11/2020 9:33,1,1,1,1,1,1,1,1,1,3,3,3,1,1,1,1,1,1,1,1,1,1,1,1,1,1,1,1,2,2,2,2,2,2,1,1,1,2,1,1,1,1,2,2,2,7,1,1,1,1,1,1,1,1
BUS_640.01_Sp20,G,Intermediate,O,1102,5/11/2020 11:06,2,2,2,2,2,2,2,2,1,3,3,2,1,2,3,2,2,2,2,3,2,2,2,2,2,1,2,2,3,4,4,4,4,3,2,2,2,2,2,2,3,2,4,3,3,3,4,3,3,2,2,2,0,1
BUS_640.01_Sp20,G,Intermediate,O,866,5/11/2020 11:35,1,1,1,1,1,2,1,1,1,2,2,2,1,1,1,1,1,1,1,1,1,2,1,1,2,2,2,2,2,2,2,2,1,1,1,1,1,2,1,1,1,2,2,1,2,1,2,2,2,1,1,1,1,1
BUS_640.01_Sp20,G,Intermediate,O,1317,5/11/2020 12:32,1,1,1,2,1,2,1,2,1,2,2,2,1,1,1,2,2,2,1,1,1,1,1,1,1,1,1,1,2,4,4,4,4,4,1,2,2,2,2,1,2,1,2,2,2,3,2,2,1,1,1,1,1,0
BUS_640.01_Sp20,G,Intermediate,O,251,5/11/2020 14:17,1,1,1,1,1,1,1,1,1,1,1,1,1,1,1,1,1,1,1,1,1,1,1,1,1,1,1,1,2,3,3,3,3,3,2,2,2,3,3,3,3,3,1,2,3,3,3,3,3,2,2,2,1,1
BUS_640.01_Sp20,G,Intermediate,O,966,5/11/2020 20:46,2,2,3,6,2,6,2,3,2,5,5,5,1,4,4,4,3,2,2,3,3,1,3,3,1,2,3,2,4,4,4,4,4,4,2,2,6,2,2,4,2,2,6,6,6,6,6,6,6,2,2,2,0,1
BUS_640.01_Sp20,G,Intermediate,O,243809,5/12/2020 11:19,2,2,1,1,1,2,1,1,1,1,1,1,1,1,1,1,1,1,2,1,1,1,1,1,1,1,1,1,3,2,3,2,2,2,1,1,1,1,1,1,1,1,2,2,1,2,1,2,2,1,1,1,1,1
BUS_640.01_Sp20,G,Intermediate,O,729,5/12/2020 12:47,2,2,2,2,1,1,1,2,2,4,5,3,1,3,2,2,2,2,1,1,1,1,1,2,2,2,1,1,3,4,6,6,6,4,2,3,1,3,2,2,2,3,3,3,2,3,4,3,2,1,1,1,1,1
BUS_640.01_Sp20,G,Intermediate,O,402,5/13/2020 18:23,2,2,2,5,3,3,3,3,2,6,4,3,2,4,3,4,5,4,2,3,3,2,2,3,2,2,3,4,2,4,4,4,4,3,2,2,2,2,2,2,2,2,4,5,2,5,3,4,2,2,2,3,1,1
BUS_640.01_Sp20,G,Intermediate,O,578,5/14/2020 6:32,1,1,1,1,1,1,1,1,1,4,1,1,1,4,1,1,1,1,1,1,1,1,1,1,1,1,1,1,2,2,2,2,2,2,1,1,1,1,1,1,1,1,5,5,1,5,1,1,1,1,1,1,1,0
BUS_640.01_Sp20,G,Intermediate,O,383,5/14/2020 18:58,1,1,1,2,1,1,1,1,1,1,1,1,1,1,1,1,1,1,1,1,1,1,1,1,1,1,1,1,3,2,2,2,2,2,1,1,1,1,2,2,1,1,3,2,3,1,2,2,1,1,1,1,0,1
BUS_640.02_Sp20,G,Intermediate,O,524,5/9/2020 14:10,2,1,1,2,1,6,2,3,2,7,7,7,3,7,7,7,6,6,1,1,1,1,2,2,2,2,6,2,1,4,2,2,2,2,1,1,1,1,1,1,1,1,2,2,2,3,3,6,4,4,2,2,1,1
BUS_640.02_Sp20,G,Intermediate,O,713,5/9/2020 14:34,2,2,2,2,2,2,2,2,6,4,4,3,2,3,3,3,2,3,2,2,2,2,2,2,3,2,2,1,3,3,3,3,3,4,2,2,2,2,2,3,3,2,2,2,3,4,2,3,3,1,1,1,1,1
BUS_640.02_Sp20,G,Intermediate,O,1159,5/9/2020 15:04,3,2,2,2,1,2,1,3,2,3,2,2,2,2,2,2,2,2,2,3,2,2,2,2,2,1,1,1,3,3,3,3,4,3,1,1,1,4,2,1,2,3,3,3,2,5,2,2,2,2,1,1,1,1
BUS_640.02_Sp20,G,Intermediate,O,2577,5/9/2020 15:52,5,5,5,5,3,5,4,4,4,5,5,4,4,4,4,4,4,6,5,5,5,4,4,4,2,5,2,4,3,5,5,5,3,5,3,3,3,4,4,3,3,2,5,4,4,5,4,5,5,5,4,4,1,1
BUS_640.02_Sp20,G,Intermediate,O,4238,5/9/2020 18:18,4,4,3,3,2,4,3,2,3,5,5,5,2,4,4,5,4,4,2,2,3,3,3,3,4,2,2,2,4,4,4,4,4,4,3,4,4,4,4,3,3,3,5,4,4,7,5,3,4,2,2,2,1,0
BUS_640.02_Sp20,G,Intermediate,O,1056,5/9/2020 21:53,1,1,1,1,1,1,1,1,1,3,3,3,1,1,3,3,2,2,1,1,1,1,1,1,1,1,1,1,2,2,1,1,1,1,1,1,2,1,1,1,1,2,1,1,1,3,1,1,1,1,1,1,1,
BUS_640.02_Sp20,G,Intermediate,O,1359,5/10/2020 8:11,2,3,2,1,2,2,2,3,3,5,5,5,3,3,3,5,2,2,1,2,2,2,3,3,2,2,1,2,2,3,3,5,3,3,1,2,2,1,1,2,2,2,2,2,2,5,2,2,2,2,2,3,1,1
BUS_640.02_Sp20,G,Intermediate,O,710,5/10/2020 10:48,3,3,3,5,3,5,3,2,2,3,3,3,3,4,4,3,4,5,4,4,4,3,3,4,2,3,2,3,3,5,4,5,5,5,3,1,2,1,2,2,2,2,5,5,5,3,5,5,5,3,2,3,0,
BUS_640.02_Sp20,G,Intermediate,O,3483,5/11/2020 11:42,1,3,1,4,2,4,1,2,1,3,3,3,2,3,3,3,2,1,2,2,1,1,2,2,1,1,1,1,1,4,3,3,2,1,1,2,1,1,1,3,1,2,5,6,1,2,1,2,3,2,1,1,1,1
BUS_640.02_Sp20,G,Intermediate,O,574,5/11/2020 19:34,2,2,2,2,2,3,2,3,3,2,2,2,4,2,2,2,2,2,2,2,2,2,2,2,2,2,2,2,2,4,3,5,4,3,3,3,2,3,3,3,3,2,3,4,4,3,3,4,4,5,4,4,1,1
BUS_640.02_Sp20,G,Intermediate,O,552,5/11/2020 21:34,1,1,1,1,1,2,1,1,1,1,2,2,1,1,1,1,1,1,1,1,1,1,1,2,1,1,1,1,2,2,2,2,2,2,1,1,1,1,1,1,1,1,1,1,2,2,2,1,1,1,1,1,0,1
BUS_640.02_Sp20,G,Intermediate,O,766,5/11/2020 22:05,2,2,2,2,1,2,1,1,1,2,2,2,1,2,2,2,2,2,2,2,2,1,2,2,2,2,1,1,2,2,2,2,2,2,1,1,1,1,1,1,1,1,1,4,4,6,2,2,2,1,1,1,1,1
BUS_640.02_Sp20,G,Intermediate,O,299,5/17/2020 20:50,2,1,2,3,3,5,2,2,4,6,6,6,4,6,6,6,3,3,2,2,2,3,2,3,2,2,3,3,2,3,4,2,3,2,2,3,2,3,2,3,2,3,3,2,3,2,3,1,2,6,2,4,0,1
BUS_640.02_Sp20,G,Intermediate,O,517321,5/18/2020 0:16,1,1,1,1,1,1,1,1,1,1,2,2,2,1,1,1,1,1,1,1,2,1,2,1,1,1,1,1,4,4,4,4,4,6,1,1,1,1,1,1,1,1,1,4,4,7,1,1,1,2,1,1,1,1
ACCT_1101HD02_Sp20,UG,Beginning,C,546,5/17/2020 12:41,1,1,1,1,1,1,1,1,1,1,1,1,1,1,1,1,1,1,1,1,1,1,1,1,1,1,1,1,2,3,3,4,3,3,1,1,1,1,1,1,1,1,1,1,2,4,2,2,2,1,1,1,1,1
ACCT_1101HD02_Sp20,UG,Beginning,C,1175,5/17/2020 14:45,2,2,2,2,2,2,2,2,2,2,2,2,2,2,2,2,2,2,2,2,2,2,2,2,2,2,2,2,4,4,4,4,4,4,4,4,4,4,4,4,4,4,4,4,4,4,4,4,4,4,4,4,0,0
ACCT_1101HD02_Sp20,UG,Beginning,C,289,5/17/2020 15:39,4,4,2,1,3,2,2,1,1,1,1,6,5,3,2,1,6,5,2,3,4,6,2,2,1,2,2,2,1,3,1,1,2,1,2,2,2,2,3,3,2,1,4,2,3,5,4,2,2,4,3,2,0,1
ACCT_1101HD02_Sp20,UG,Beginning,C,262,5/17/2020 21:07,7,7,7,7,7,7,7,7,7,7,7,7,7,7,7,7,7,7,7,7,7,7,7,7,7,7,7,7,7,7,7,7,7,7,7,7,7,7,7,7,7,7,7,7,7,7,7,7,7,7,7,7,0,1
ACCT_1101HD02_Sp20,UG,Beginning,C,430,5/17/2020 23:03,2,2,2,2,2,2,2,2,2,3,4,4,2,4,4,4,3,3,4,4,2,2,4,4,4,4,4,4,4,4,4,4,4,4,2,2,2,1,2,2,2,2,3,2,2,4,3,2,1,2,2,2,0,0
ACCT_1101HD02_Sp20,UG,Beginning,C,1162,5/17/2020 23:41,1,1,1,1,1,1,1,1,1,1,1,1,1,1,1,1,1,1,1,1,1,1,1,1,1,1,1,1,1,1,1,1,1,1,1,1,1,1,1,1,1,1,1,2,1,1,1,1,1,1,1,1,1,1
ACCT_1101HD02_Sp20,UG,Beginning,C,335,5/18/2020 0:46,2,2,3,2,3,2,3,2,2,2,2,2,2,2,2,2,3,2,2,2,2,2,2,2,2,2,2,2,2,2,2,2,2,2,2,2,2,2,2,2,2,3,3,3,4,4,4,2,2,2,2,2,0,
ACCT_1101HD02_Sp20,UG,Beginning,C,2405,5/18/2020 7:47,3,3,3,3,3,4,4,4,4,5,5,4,3,4,4,5,3,3,3,3,3,4,4,3,3,3,4,4,3,3,3,3,3,4,3,3,2,3,2,3,4,3,4,5,4,4,3,4,4,4,3,3,0,1
ACCT_1101HD02_Sp20,UG,Beginning,C,700,5/18/2020 9:54,2,1,2,3,2,2,2,2,2,3,3,3,2,3,3,3,2,2,2,2,2,2,4,2,3,2,4,2,4,3,2,4,5,3,4,4,4,3,2,2,3,3,3,4,4,3,2,4,4,3,2,3,1,1
ACCT_1101HD02_Sp20,UG,Beginning,C,366,5/18/2020 10:13,3,4,3,3,3,5,2,4,3,5,5,5,3,5,5,5,3,3,3,4,4,3,3,3,3,3,3,3,3,5,4,4,4,4,2,2,3,3,3,3,3,4,3,3,4,4,4,4,4,3,3,4,0,0
ACCT_1101HD02_Sp20,UG,Beginning,C,1267,5/18/2020 11:52,1,1,1,1,1,1,1,1,1,1,1,2,1,2,3,3,2,3,1,1,2,2,2,2,1,1,1,2,3,3,3,3,3,3,1,1,1,1,1,1,1,1,1,4,1,2,1,1,1,1,1,1,1,0
ACCT_1101HD02_Sp20,UG,Beginning,C,1730,5/18/2020 14:15,2,1,1,1,1,3,1,2,2,1,7,1,2,1,1,1,2,1,3,1,2,1,1,2,2,2,1,1,3,2,3,1,3,1,2,1,1,3,1,2,3,1,2,3,1,5,1,2,7,2,2,1,0,0
ACCT_1101HD02_Sp20,UG,Beginning,C,352,5/18/2020 14:22,2,1,1,1,1,2,1,2,1,1,7,1,2,1,2,3,2,2,2,1,2,1,2,2,1,2,1,1,2,3,4,2,3,1,2,1,1,2,2,1,1,2,2,3,2,2,2,1,1,2,2,1,0,0
ACCT_1101HD02_Sp20,UG,Beginning,C,345,5/18/2020 16:54,4,4,4,4,4,4,4,4,4,4,4,4,4,4,4,4,4,4,4,4,4,4,4,4,4,4,4,4,4,4,4,4,4,4,4,4,4,4,4,4,4,4,4,4,4,4,4,4,4,4,4,4,1,0
ACCT_1101HD02_Sp20,UG,Beginning,C,404,5/18/2020 21:41,2,2,2,2,2,2,2,3,3,3,3,3,3,3,3,3,3,3,3,3,3,3,3,3,3,3,3,3,4,4,4,4,4,4,2,3,2,2,2,2,2,2,2,2,2,2,2,2,2,3,3,3,0,0
BUS_2341HD52_Sp20,UG,Beginning,C,547,5/17/2020 10:45,1,1,1,1,1,1,1,1,1,2,2,1,2,1,1,2,1,1,1,1,1,1,4,1,1,2,1,1,2,2,2,2,6,6,2,1,4,4,4,4,4,4,1,1,1,5,1,3,3,1,1,1,1,0
BUS_2341HD52_Sp20,UG,Beginning,C,300,5/17/2020 11:46,1,1,1,1,1,1,1,1,1,1,1,1,1,1,1,1,1,1,1,1,1,1,1,1,1,1,1,1,1,1,1,1,1,1,1,1,1,1,1,1,1,1,1,1,1,1,1,1,1,1,1,1,0,0
BUS_2341HD52_Sp20,UG,Beginning,C,804,5/17/2020 14:46,2,2,2,3,2,4,2,2,2,3,2,2,2,2,3,2,2,2,2,2,2,2,2,2,2,2,2,2,5,5,5,5,5,5,2,2,2,2,2,2,2,2,2,2,2,2,2,2,2,2,2,2,0,1
BUS_2341HD52_Sp20,UG,Beginning,C,740,5/17/2020 18:05,3,3,2,4,3,4,3,2,3,4,4,4,3,3,3,4,3,3,2,3,3,2,2,2,3,3,4,4,3,4,3,3,3,4,2,2,3,3,4,4,3,4,4,3,3,3,4,3,4,3,2,1,0,1
BUS_2341HD52_Sp20,UG,Beginning,C,25367,5/17/2020 21:25,7,7,7,7,7,7,7,7,7,7,7,7,7,7,7,7,7,7,7,7,7,7,4,4,4,4,4,4,2,2,2,2,2,2,5,5,5,5,5,5,5,5,7,7,7,7,7,7,7,7,7,7,0,1
BUS_2341HD52_Sp20,UG,Beginning,C,319,5/17/2020 21:31,6,6,6,7,7,7,7,7,7,7,7,7,7,7,7,7,7,7,7,7,7,7,7,7,7,7,7,7,7,7,7,7,7,7,7,7,7,7,7,7,7,7,7,7,7,7,7,7,7,7,7,7,0,1
BUS_2341HD52_Sp20,UG,Beginning,C,406,5/17/2020 23:25,2,2,2,2,2,2,2,2,2,2,2,2,2,2,2,2,2,2,2,2,2,2,2,2,2,2,2,2,4,4,4,4,4,4,2,2,2,2,2,2,2,2,2,2,2,2,2,2,4,2,2,2,1,0
BUS_2341HD52_Sp20,UG,Beginning,C,301,5/18/2020 2:13,3,3,2,2,2,2,2,2,2,2,2,2,2,2,2,2,2,2,2,2,2,2,3,3,2,2,2,2,2,2,2,2,2,2,3,3,3,3,3,3,3,3,2,2,2,2,2,2,2,1,1,4,1,1
BUS_2341HD52_Sp20,UG,Beginning,C,1510,5/18/2020 12:32,2,2,2,2,2,2,2,2,2,2,2,2,2,2,2,2,7,2,2,2,2,2,2,2,2,2,2,2,2,2,2,2,2,2,2,2,2,2,2,2,2,2,2,2,2,2,2,2,2,2,2,2,0,
BUS_2341HD52_Sp20,UG,Beginning,C,246,5/18/2020 14:25,4,4,4,4,4,4,4,4,4,4,4,4,4,4,4,4,4,4,4,4,4,4,4,4,4,4,4,4,4,4,4,4,4,4,4,4,4,4,4,4,4,4,4,4,4,4,4,4,4,4,4,4,0,0
BUS_2341HD52_Sp20,UG,Beginning,C,1025,5/18/2020 16:27,4,4,3,3,3,4,3,3,3,2,2,2,3,2,2,2,4,4,2,2,4,3,4,3,2,3,4,3,3,3,3,3,3,3,2,1,4,2,3,2,2,2,3,3,3,3,4,4,4,2,2,2,0,1
BUS_2341HD52_Sp20,UG,Beginning,C,422,5/18/2020 16:38,1,1,1,1,1,1,1,1,1,1,1,1,1,1,1,1,2,1,1,1,1,1,4,1,1,1,1,1,3,6,6,5,7,6,2,2,2,1,2,1,1,1,1,1,1,1,1,2,3,1,1,1,0,
BUS_2341HD52_Sp20,UG,Beginning,C,793,5/18/2020 19:11,2,2,2,2,2,2,2,2,2,2,2,2,2,2,2,2,2,2,2,2,2,2,2,2,2,2,2,2,3,3,3,3,3,3,3,3,3,3,3,3,3,3,3,3,3,3,3,3,3,3,3,3,1,1
BUS_2341HD52_Sp20,UG,Beginning,C,511,5/19/2020 4:46,4,4,4,3,3,3,4,4,3,3,3,2,2,4,6,5,5,5,3,3,3,3,5,4,4,4,3,4,4,4,4,4,4,4,3,3,3,4,4,4,4,4,3,3,3,3,3,3,2,4,4,3,1,1
BUS_2341HD52_Sp20,UG,Beginning,C,1000,5/19/2020 19:47,1,1,1,1,1,1,1,1,1,3,3,3,1,3,3,2,1,4,1,1,1,1,1,2,1,2,1,1,2,3,2,2,5,2,2,2,2,2,2,2,2,2,2,2,2,6,2,2,2,1,1,1,1,1
ACC_3021TR2_Sp20,UG,Intermediate,C,493,5/13/2020 14:02,2,2,2,1,1,1,1,3,1,3,3,3,2,2,1,2,4,4,2,2,2,1,2,2,4,1,3,2,3,2,2,2,2,2,2,2,2,2,2,2,2,2,3,4,4,4,4,3,3,2,1,2,1,0
ACC_3021TR2_Sp20,UG,Intermediate,C,220,5/13/2020 15:28,2,4,4,3,2,6,2,3,3,3,4,2,5,2,4,3,2,2,5,3,5,3,2,5,4,4,4,2,2,2,4,6,3,2,2,3,4,5,6,2,1,3,2,4,4,2,6,3,2,2,2,3,0,0
ACC_3021TR2_Sp20,UG,Intermediate,C,194,5/13/2020 17:56,2,3,2,3,2,2,3,3,4,3,4,5,5,4,4,3,4,3,3,3,4,3,3,3,2,2,3,3,3,3,2,2,3,2,3,3,2,2,2,3,3,2,3,3,3,2,3,2,3,2,3,2,0,0
ACC_3021TR2_Sp20,UG,Intermediate,C,720,5/13/2020 19:36,1,1,1,1,1,1,1,2,1,1,1,1,1,1,1,2,2,2,1,1,1,1,2,1,2,2,1,1,3,6,6,5,5,2,2,2,2,2,2,2,2,2,2,3,2,6,1,1,1,1,1,1,1,1
ACC_3021TR2_Sp20,UG,Intermediate,C,6918,5/13/2020 20:15,2,2,3,3,4,4,3,4,3,1,1,1,3,2,2,1,4,4,2,2,2,3,2,2,3,2,2,2,2,3,4,3,3,4,2,2,2,2,2,2,3,3,3,4,4,3,5,4,4,3,3,4,1,
ACC_3021TR2_Sp20,UG,Intermediate,C,319,5/13/2020 20:40,4,4,4,4,4,4,4,5,3,3,3,3,4,2,3,3,4,3,4,4,4,4,4,4,4,4,4,4,4,4,4,4,4,4,4,5,3,4,3,5,4,4,3,5,4,3,5,4,4,5,4,3,1,1
ACC_3021TR2_Sp20,UG,Intermediate,C,671,5/13/2020 20:58,1,2,3,4,4,4,4,3,3,2,2,3,3,3,3,2,2,2,1,1,2,3,2,3,4,3,2,2,3,4,4,2,5,6,3,3,4,2,3,3,3,2,3,4,4,4,4,4,4,2,1,2,1,1
ACC_3021TR2_Sp20,UG,Intermediate,C,17162,5/13/2020 22:45,4,3,3,2,2,4,4,2,3,4,4,3,3,4,4,4,4,4,3,3,3,4,3,3,2,2,4,3,5,5,4,4,4,4,3,2,4,2,2,3,2,3,3,2,4,4,5,4,2,2,3,4,1,1
ACC_3021TR2_Sp20,UG,Intermediate,C,867,5/14/2020 0:18,3,3,3,4,4,4,4,7,1,4,4,4,7,2,2,2,2,2,1,2,2,2,1,1,1,1,1,1,4,4,4,4,4,4,4,4,3,3,3,3,4,4,2,1,2,5,5,4,2,1,1,1,1,1
ACC_3021TR2_Sp20,UG,Intermediate,C,626,5/14/2020 10:50,2,3,3,3,2,3,3,3,2,2,2,3,3,4,3,4,3,3,3,2,2,3,4,4,3,3,3,3,3,2,3,3,3,2,3,2,2,3,3,3,3,2,3,5,4,4,3,4,3,5,4,3,1,0
ACC_3021TR2_Sp20,UG,Intermediate,C,451,5/14/2020 11:32,1,1,1,1,1,1,1,1,1,1,1,1,1,1,1,1,1,1,1,1,1,1,1,1,1,1,1,1,1,1,1,1,1,1,1,1,1,1,1,1,1,1,1,7,1,3,1,1,1,1,1,1,1,1
ACC_3021TR2_Sp20,UG,Intermediate,C,1120,5/14/2020 12:49,2,2,2,2,2,2,2,2,2,2,1,1,2,2,2,1,2,2,2,3,2,2,4,4,3,2,2,2,2,2,2,2,4,2,2,2,2,2,2,2,2,2,2,2,3,3,3,4,3,2,2,2,0,0
ACC_3021TR2_Sp20,UG,Intermediate,C,350,5/14/2020 14:03,2,6,6,4,4,3,3,3,3,3,2,2,2,2,2,3,4,4,5,6,5,4,3,3,3,2,3,3,5,4,4,4,4,3,3,3,3,2,2,2,3,3,4,4,4,4,4,4,4,4,3,3,1,1
ACC_3021TR2_Sp20,UG,Intermediate,C,1434,5/14/2020 14:46,2,3,2,1,4,2,4,1,2,3,2,2,2,4,3,2,2,2,2,2,3,2,2,3,2,2,1,2,6,4,4,3,3,3,1,1,2,2,2,2,2,2,2,1,2,3,2,1,2,2,2,3,1,0
ACC_3021TR2_Sp20,UG,Intermediate,C,134,5/19/2020 21:28,4,4,4,4,4,4,4,4,4,4,4,4,4,4,4,4,4,4,4,4,4,4,4,4,4,4,4,4,4,4,4,4,4,4,4,4,4,4,4,4,4,4,4,4,4,4,4,4,4,3,3,3,0,1
ACC_3021TR2_Sp20,UG,Intermediate,C,1699,5/20/2020 17:36,5,3,3,3,1,4,2,3,3,2,3,2,2,3,3,2,2,4,2,3,2,2,5,2,2,2,3,3,5,5,5,6,6,6,3,3,3,4,5,2,2,3,3,6,3,5,2,2,4,2,2,3,0,
ACC_3021TR2_Sp20,UG,Intermediate,C,1372,5/21/2020 12:07,2,2,3,3,2,4,3,2,3,5,3,1,2,2,2,2,4,5,3,2,2,3,3,3,4,2,3,3,4,5,3,3,6,5,1,1,3,4,2,2,2,3,3,3,2,4,2,2,2,3,1,3,0,1
ACC_3021TR2_Sp20,UG,Intermediate,C,418,5/21/2020 15:15,2,2,2,2,2,2,2,2,2,2,2,2,2,2,2,2,2,2,2,2,2,2,2,2,2,2,2,2,6,6,6,6,6,6,6,6,6,6,6,6,6,2,2,2,2,2,2,2,2,2,2,2,1,1
ACC_3021TR2_Sp20,UG,Intermediate,C,369,5/21/2020 19:29,3,3,2,3,2,3,2,2,2,2,2,2,2,2,2,2,3,3,3,3,3,3,3,3,3,3,3,3,3,3,3,3,3,3,4,4,3,3,4,2,2,2,2,2,2,2,2,2,2,2,2,2,1,1
ACC_3021TR11_Sp20,UG,Intermediate,C,453,5/13/2020 13:34,2,2,2,3,2,2,2,4,4,4,4,4,4,4,4,4,4,4,4,4,4,4,3,4,3,3,4,3,4,4,4,4,4,4,4,4,4,4,4,4,4,4,4,4,4,3,2,2,2,3,1,2,0,0
ACC_3021TR11_Sp20,UG,Intermediate,C,936,5/13/2020 13:44,3,3,3,4,3,4,3,5,3,2,2,2,2,3,2,2,2,2,1,2,2,2,2,2,3,1,3,1,4,3,3,2,3,3,2,2,4,3,2,2,2,2,3,2,2,5,3,3,1,2,2,3,0,0
ACC_3021TR11_Sp20,UG,Intermediate,C,1136,5/13/2020 15:11,3,3,3,3,3,3,3,3,3,3,3,3,3,3,3,3,3,3,3,3,3,3,3,3,3,3,3,3,4,4,4,4,4,4,4,4,4,4,4,4,4,4,3,4,3,4,4,4,5,3,4,4,1,1
ACC_3021TR11_Sp20,UG,Intermediate,C,5655,5/13/2020 16:14,3,3,3,3,3,3,3,3,3,3,3,3,3,3,3,3,3,3,3,3,3,3,3,3,3,3,3,3,3,4,4,4,4,3,3,3,3,3,3,3,3,3,3,3,3,5,3,3,4,3,3,3,1,
ACC_3021TR11_Sp20,UG,Intermediate,C,626,5/13/2020 16:34,2,2,2,2,2,2,2,2,2,1,1,1,2,1,1,1,2,2,2,2,2,2,3,2,2,2,2,2,3,4,4,4,3,3,1,1,2,3,1,1,1,1,2,2,1,2,3,2,4,2,2,1,1,1
ACC_3021TR11_Sp20,UG,Intermediate,C,702,5/13/2020 16:44,3,2,3,2,2,3,2,2,2,2,2,2,2,3,3,2,2,2,3,3,2,3,2,2,2,2,2,2,3,4,4,4,3,4,4,3,3,3,2,2,3,4,1,3,2,3,2,2,2,2,2,2,1,1
ACC_3021TR11_Sp20,UG,Intermediate,C,858,5/13/2020 16:55,2,2,2,2,2,2,2,2,2,2,2,3,2,2,2,3,2,2,2,2,2,2,1,2,2,1,2,2,3,4,4,4,5,4,2,2,2,2,2,2,2,2,2,2,2,3,2,1,2,2,2,2,1,1
ACC_3021TR11_Sp20,UG,Intermediate,C,596,5/13/2020 16:57,4,5,5,2,3,3,2,3,3,4,4,5,3,3,3,4,4,4,4,4,4,4,4,5,4,4,4,4,4,4,4,4,4,4,3,3,4,4,4,4,4,4,5,4,4,6,4,5,5,4,4,4,0,1
ACC_3021TR11_Sp20,UG,Intermediate,C,188,5/13/2020 18:24,1,1,2,1,2,3,2,5,4,4,4,4,2,3,3,1,3,3,3,3,3,4,4,3,3,4,3,5,2,3,2,4,2,4,1,3,2,2,3,3,3,3,2,1,1,1,4,2,2,3,4,3,0,0
ACC_3021TR11_Sp20,UG,Intermediate,C,372,5/14/2020 6:52,2,2,2,2,2,2,2,1,1,2,2,2,3,2,2,2,2,2,2,2,2,2,2,2,2,2,2,2,3,3,3,3,3,3,2,2,2,2,2,2,2,2,2,2,2,2,2,2,2,2,2,2,1,1
ACC_3021TR11_Sp20,UG,Intermediate,C,1317,5/14/2020 10:58,6,6,6,7,7,7,7,5,5,7,7,7,6,7,7,7,6,7,7,7,7,7,6,6,6,7,5,7,4,4,4,4,4,4,6,6,6,6,6,6,6,6,4,4,4,4,4,4,4,7,7,7,1,1
ACC_3021TR11_Sp20,UG,Intermediate,C,211,5/14/2020 17:01,4,2,3,3,1,3,3,2,3,3,3,2,2,3,3,3,2,3,2,3,2,3,2,3,2,3,2,3,2,2,3,3,3,4,2,2,2,3,3,3,2,3,6,6,6,6,4,5,3,4,3,4,0,0
ACC_3021TR11_Sp20,UG,Intermediate,C,652,5/14/2020 20:32,2,2,2,3,2,4,2,2,3,3,2,2,3,3,4,2,3,2,2,3,4,2,3,3,2,2,1,2,3,4,4,2,5,4,2,2,1,3,2,4,4,2,2,4,3,5,1,2,4,3,2,2,0,1
ACC_3021TR11_Sp20,UG,Intermediate,C,1041,5/14/2020 20:58,2,2,2,2,1,2,1,1,1,2,2,2,2,2,2,2,4,4,4,4,4,4,1,1,1,2,2,2,4,4,4,4,4,4,1,1,1,1,1,1,1,1,1,1,1,1,1,1,1,1,1,1,1,1
ACC_3021TR11_Sp20,UG,Intermediate,C,455,5/17/2020 11:53,4,4,4,4,4,4,4,4,4,4,4,4,4,4,4,4,4,4,4,4,4,4,4,4,4,4,4,4,4,4,4,4,4,4,4,4,4,4,4,4,4,4,4,4,4,4,4,4,4,4,4,5,1,1
BUS_640.01_Su20,G,Intermediate,O,1053,7/15/2020 4:21,1,1,1,1,1,1,1,1,1,6,6,5,1,5,5,5,1,1,1,7,2,1,1,1,1,1,1,1,1,6,6,6,6,1,1,1,1,6,1,1,1,1,3,5,5,7,1,1,7,1,1,1,1,1
BUS_640.01_Su20,G,Intermediate,O,768,7/15/2020 9:59,2,2,2,2,2,2,2,3,2,6,6,6,2,6,6,6,6,6,2,2,4,2,6,6,2,6,2,6,2,2,2,2,2,2,2,2,2,6,2,2,2,2,6,6,6,6,3,5,6,6,2,2,1,0
BUS_640.01_Su20,G,Intermediate,O,2373,7/15/2020 10:37,2,1,2,1,1,3,2,3,1,1,1,1,1,2,3,1,4,3,1,1,2,1,4,1,1,1,4,1,3,4,2,3,3,3,3,2,4,3,3,3,2,1,5,5,5,2,4,4,4,1,1,1,0,0
BUS_640.01_Su20,G,Intermediate,O,2129,7/15/2020 12:02,2,2,2,2,2,2,2,2,2,3,2,3,1,3,3,2,1,2,2,2,2,2,1,2,1,1,2,2,3,6,2,3,2,2,1,1,1,2,2,2,2,1,2,4,3,3,3,3,4,1,1,2,1,
BUS_640.01_Su20,G,Intermediate,O,603,7/15/2020 12:15,2,2,2,2,2,2,2,3,2,1,1,1,3,1,1,1,2,2,2,2,2,2,2,2,2,2,3,3,2,2,2,3,2,3,2,2,2,1,2,2,2,2,2,2,3,7,3,2,1,2,2,2,0,1
BUS_640.01_Su20,G,Intermediate,O,647,7/15/2020 18:56,1,1,1,1,1,1,1,1,1,1,1,1,1,1,1,1,1,1,1,1,1,1,1,1,1,1,1,1,4,4,4,4,4,4,1,1,1,1,1,1,1,1,3,3,3,1,2,1,4,1,1,1,1,1
BUS_640.01_Su20,G,Intermediate,O,281,7/15/2020 20:39,2,2,2,2,2,2,2,2,2,4,4,4,2,4,4,4,4,4,2,4,4,4,4,4,4,2,2,2,2,4,4,4,4,4,2,2,2,2,2,2,2,2,2,2,2,2,2,2,2,2,2,2,1,1
BUS_640.01_Su20,G,Intermediate,O,483,7/15/2020 22:31,2,2,2,1,2,2,1,1,1,3,2,2,1,1,1,1,1,1,2,2,2,2,2,2,1,2,1,2,3,6,5,6,6,6,2,2,2,2,2,2,2,2,2,2,2,4,2,2,2,2,2,2,1,1
BUS_640.01_Su20,G,Intermediate,O,954,7/16/2020 18:01,4,4,4,4,4,3,4,5,6,4,4,4,6,6,6,6,4,4,4,5,4,6,7,7,5,4,4,7,4,4,4,4,4,4,4,4,4,4,4,4,4,4,4,4,4,4,4,4,4,5,5,5,1,1
BUS_640.01_F20,G,Intermediate,O,960,12/3/2020 23:28,1,1,1,1,1,1,1,1,1,2,2,2,1,2,2,1,1,1,1,1,1,1,1,1,1,1,1,1,2,2,2,3,3,2,1,1,1,1,1,1,1,1,1,1,1,3,1,1,1,1,1,1,1,1
BUS_640.01_F20,G,Intermediate,O,853,12/4/2020 0:41,6,1,1,1,1,1,1,1,1,1,1,1,1,1,1,1,1,1,1,1,1,1,1,1,1,1,1,1,1,1,1,1,1,1,1,1,1,1,1,1,1,1,1,1,1,1,1,1,1,1,1,1,1,0
BUS_640.01_F20,G,Intermediate,O,632,12/4/2020 12:18,1,1,1,1,1,1,1,1,1,2,2,2,2,2,2,2,2,3,1,1,1,2,3,2,2,2,2,2,3,3,3,3,3,3,1,2,2,3,1,1,1,1,1,3,1,6,1,1,1,1,1,1,1,1
BUS_640.01_F20,G,Intermediate,O,405,12/5/2020 20:30,2,2,2,2,2,2,2,2,2,3,2,2,2,3,3,2,2,2,2,2,2,2,2,2,2,2,2,2,2,3,3,4,4,5,1,1,2,2,1,1,1,1,2,2,2,3,1,1,1,2,2,2,1,0
BUS_640.01_F20,G,Intermediate,O,311,12/5/2020 23:27,2,2,2,2,2,2,2,2,2,2,2,2,2,2,2,2,2,2,2,2,2,2,2,2,2,2,2,2,2,2,2,2,2,2,2,2,2,2,2,2,2,2,2,2,2,3,2,2,2,2,2,2,1,1
BUS_640.01_F20,G,Intermediate,O,1668,12/6/2020 11:32,3,2,2,2,1,4,2,2,1,4,3,3,2,2,2,3,2,3,3,3,3,2,3,2,2,2,2,2,2,4,4,3,2,4,2,4,3,4,3,4,3,2,3,3,2,5,3,2,3,2,3,2,0,1
BUS_640.01_F20,G,Intermediate,O,487,12/6/2020 22:55,1,1,1,1,1,1,1,1,1,1,1,1,1,1,1,1,1,1,1,1,1,1,1,3,1,2,1,1,7,7,7,7,7,7,1,1,1,1,1,1,1,1,1,1,1,7,1,1,1,1,1,4,1,1
BUS_640.01_F20,G,Intermediate,O,1730,12/7/2020 9:08,1,1,1,3,3,3,3,1,1,3,3,2,1,2,2,3,2,1,1,1,1,1,1,1,1,1,1,1,3,3,3,3,3,3,1,1,1,1,1,1,1,1,2,2,2,7,1,1,1,1,1,1,1,
BUS_640.01_F20,G,Intermediate,O,306,12/7/2020 20:56,1,1,1,1,1,2,1,1,1,3,3,3,1,1,2,2,1,1,1,1,1,1,1,1,2,1,1,1,1,1,1,1,4,2,2,2,2,2,2,2,2,2,5,3,1,2,5,1,2,1,1,1,0,1
BUS_640.01_F20,G,Intermediate,O,458,12/8/2020 17:44,1,1,1,1,1,1,1,1,1,2,2,3,1,3,3,3,1,1,1,1,1,1,1,1,1,1,1,1,1,3,2,2,2,2,1,1,1,1,1,1,1,1,5,4,4,4,4,4,3,1,1,1,1,0
BUS_640.01_F20,G,Intermediate,O,324,12/8/2020 18:33,1,1,1,1,1,1,1,2,1,2,2,2,2,2,2,2,1,1,1,1,1,1,1,1,1,1,1,1,2,2,2,2,2,2,1,1,1,1,1,1,1,1,2,2,2,2,2,2,2,2,1,1,0,0
BUS_640.01_F20,G,Intermediate,O,528,12/8/2020 22:33,2,4,3,4,3,3,2,2,2,6,6,3,3,5,5,4,4,4,2,6,6,3,2,5,2,2,2,2,2,2,4,4,4,4,2,2,2,2,2,2,2,3,3,3,2,2,3,2,4,2,2,2,1,0
BUS_640.01_F20,G,Intermediate,O,726,12/8/2020 23:35,1,3,1,1,1,1,1,1,1,3,3,3,1,1,1,2,1,4,1,3,1,1,2,4,2,2,1,1,6,6,6,6,6,6,1,1,1,1,1,1,1,1,1,1,2,1,1,1,6,1,1,1,1,0
BUS_640.01_F20,G,Intermediate,O,646,12/8/2020 23:46,1,1,1,1,3,3,3,2,1,4,3,3,1,2,2,2,1,1,1,1,1,1,2,3,2,2,1,1,1,2,2,1,1,1,1,2,1,1,2,2,1,1,4,4,4,3,4,3,3,1,1,1,1,1
BUS_640.01_F20,G,Intermediate,O,286332,12/9/2020 2:45,4,4,4,4,4,4,4,4,4,4,4,4,4,4,4,4,4,4,4,4,4,4,4,4,4,4,4,4,4,4,4,4,4,4,4,4,4,4,4,4,4,4,4,4,4,4,4,4,4,4,4,4,0,
BUS_640.01_F20,G,Intermediate,O,784,12/9/2020 13:59,2,2,2,3,1,4,2,1,1,3,2,3,2,2,2,2,2,2,2,2,2,2,1,1,1,1,1,1,1,3,3,4,5,4,1,2,1,2,1,1,1,1,6,6,6,7,3,2,3,1,1,1,0,1
BUS_640.01_F20,G,Intermediate,O,806,12/9/2020 18:10,3,2,2,2,2,2,2,2,2,6,6,6,3,6,6,6,7,6,2,6,6,6,5,3,5,2,2,3,2,6,6,6,3,6,1,1,1,1,1,1,1,2,6,6,6,7,3,6,1,2,1,2,1,0
BUS_640.01_F20,G,Intermediate,O,2315,12/9/2020 19:50,1,1,1,1,1,1,1,1,1,3,3,2,1,3,3,3,1,1,1,1,1,1,1,1,1,1,1,1,1,1,1,2,1,1,1,1,1,1,1,1,1,1,4,4,1,5,1,1,4,1,1,1,1,1
BUS_640.01_F20,G,Intermediate,O,555,12/13/2020 23:34,1,1,2,3,2,3,2,1,1,1,3,3,1,2,3,3,1,1,1,3,3,1,1,2,2,2,1,1,3,3,3,3,3,3,1,2,2,1,1,1,2,1,1,4,4,5,2,2,4,3,2,3,0,0
BUS_640.01_F20,G,Intermediate,O,404,12/14/2020 0:31,1,1,1,1,1,1,1,1,1,1,1,1,1,1,1,1,1,1,1,1,1,1,1,1,1,1,1,1,2,2,2,2,2,2,1,1,1,1,1,1,1,1,1,1,1,3,1,1,1,1,1,1,1,1
BUS_640.01_F20,G,Intermediate,O,714,12/14/2020 0:46,1,1,1,1,1,1,1,1,1,2,1,1,1,2,2,2,1,1,1,1,1,1,1,1,1,1,1,2,2,2,2,2,2,2,2,1,1,1,1,1,1,1,2,2,2,2,2,1,1,1,1,1,,
BUS_640.02_F20,G,Intermediate,O,427,12/9/2020 10:17,2,2,2,2,2,2,2,2,2,2,2,2,2,2,2,2,2,2,2,2,2,2,2,2,2,2,2,2,2,2,2,2,2,2,2,2,2,2,2,2,2,2,6,6,2,2,2,2,2,2,2,3,1,0
BUS_640.02_F20,G,Intermediate,O,3370,12/9/2020 11:47,5,3,3,2,4,4,4,4,5,3,2,3,4,4,4,3,5,5,4,5,5,5,5,5,5,6,2,3,3,3,3,3,3,3,2,3,3,3,3,3,3,3,2,3,3,7,3,6,5,4,4,3,1,1
BUS_640.02_F20,G,Intermediate,O,3221,12/9/2020 12:19,1,1,1,2,2,3,2,1,1,1,1,1,1,1,1,1,2,1,1,1,1,1,1,1,1,1,1,1,1,2,2,2,2,1,1,1,1,1,1,1,1,1,1,1,2,5,1,1,1,1,1,1,1,1
BUS_640.02_F20,G,Intermediate,O,295,12/9/2020 14:45,2,2,2,2,2,2,2,2,2,3,3,3,3,3,3,3,2,2,2,2,2,2,2,2,2,2,2,2,1,2,3,3,3,3,2,3,3,3,3,3,3,3,2,2,3,3,4,4,4,2,3,3,1,0
BUS_640.02_F20,G,Intermediate,O,399,12/9/2020 14:56,2,2,2,2,2,2,2,2,2,2,2,2,2,2,2,2,2,2,2,2,2,2,2,2,2,2,2,2,2,2,2,2,2,2,2,2,2,2,2,2,2,2,2,2,2,2,2,2,2,2,2,2,0,0
BUS_640.02_F20,G,Intermediate,O,1485,12/9/2020 15:01,2,1,1,1,1,1,2,2,2,4,3,3,2,4,4,2,5,5,1,1,1,1,5,2,4,2,1,2,2,4,4,4,2,2,1,2,2,1,2,2,2,1,2,4,2,6,3,3,2,2,2,2,1,1
BUS_640.02_F20,G,Intermediate,O,388,12/9/2020 15:43,1,1,1,1,1,1,1,1,2,5,5,5,3,6,6,6,2,2,2,2,3,1,2,3,4,2,1,2,1,4,2,3,3,3,2,2,2,2,2,2,2,2,2,2,3,5,2,2,2,2,2,2,1,1
BUS_640.02_F20,G,Intermediate,O,735,12/10/2020 0:30,2,2,2,2,2,2,2,2,2,6,6,6,2,6,6,6,2,2,2,2,2,2,2,2,2,2,2,2,4,4,4,4,4,4,2,2,2,2,2,2,2,2,5,5,2,3,3,2,2,1,1,1,1,1
BUS_640.02_F20,G,Intermediate,O,806,12/10/2020 1:55,4,3,3,6,2,6,2,4,4,6,6,6,4,7,7,7,3,4,3,3,4,6,6,6,6,6,5,7,4,4,5,6,6,5,3,3,2,6,4,4,4,6,3,4,5,3,6,6,6,4,5,3,1,1
BUS_640.02_F20,G,Intermediate,O,757,12/10/2020 17:58,2,2,2,2,2,2,2,2,2,2,2,2,2,2,2,2,2,2,2,2,2,2,2,2,2,2,2,2,3,3,3,3,4,4,2,2,2,2,2,2,2,2,2,5,2,3,2,2,4,2,2,2,1,1
BUS_640.02_F20,G,Intermediate,O,1070,12/11/2020 17:15,3,3,2,4,3,3,2,2,2,3,2,2,2,2,2,1,3,4,3,2,2,2,2,2,3,2,2,2,3,3,3,3,3,2,1,1,2,2,2,1,1,2,2,2,1,3,2,2,2,1,1,2,1,1
BUS_640.02_F20,G,Intermediate,O,301,12/13/2020 11:10,1,1,1,1,3,1,3,1,1,1,1,1,1,1,1,1,1,1,1,1,1,1,1,1,1,1,1,1,1,3,3,3,2,2,1,1,1,1,1,1,1,1,1,2,2,2,1,1,1,1,1,1,1,1
BUS_640.02_F20,G,Intermediate,O,882,12/14/2020 19:06,3,2,2,2,2,2,2,2,2,2,2,2,2,2,2,2,2,2,2,2,2,2,2,2,2,2,2,2,3,3,3,3,3,3,2,2,2,2,2,2,2,2,2,2,2,2,1,1,1,2,2,2,1,1
ACCT_1101_OL16_F20,UG,Beginning,O,542,12/9/2020 15:20,4,2,3,1,3,2,3,2,2,4,4,4,2,3,2,3,3,4,2,2,2,2,2,2,1,1,2,3,2,2,2,3,4,2,2,2,2,2,2,2,2,2,2,5,2,7,3,2,2,2,2,1,0,0
ACCT_1101_OL16_F20,UG,Beginning,O,401,12/9/2020 18:17,1,1,1,2,1,1,1,1,1,1,1,1,1,1,1,1,1,1,1,1,1,1,1,1,1,1,1,1,2,3,2,2,2,2,1,1,3,3,1,1,1,1,1,1,1,7,1,1,1,1,1,1,0,1
ACCT_1101_OL16_F20,UG,Beginning,O,210,12/9/2020 18:32,1,1,1,1,1,1,1,1,1,1,1,1,1,1,1,1,1,1,1,1,1,1,1,1,1,1,1,1,1,1,1,1,1,1,1,1,1,1,1,1,1,1,1,1,1,1,1,1,1,1,1,1,0,0
ACCT_1101_OL16_F20,UG,Beginning,O,455,12/10/2020 22:07,3,2,2,2,2,2,2,2,2,3,3,2,2,2,3,2,2,4,2,2,2,2,2,2,3,2,2,2,3,3,3,3,3,3,2,3,2,2,2,2,2,2,2,2,2,2,2,2,2,2,2,3,0,1
ACCT_1101_OL16_F20,UG,Beginning,O,1985,12/11/2020 20:42,2,1,1,1,1,4,2,2,2,2,2,1,2,2,2,2,2,3,2,1,1,1,1,1,2,1,1,1,4,5,5,4,5,4,4,2,2,2,2,1,2,4,3,3,3,5,2,2,1,1,1,1,0,0
ACCT_1101_OL16_F20,UG,Beginning,O,710,12/11/2020 21:53,2,2,3,2,2,3,2,3,2,3,2,2,2,3,3,2,3,3,2,2,2,3,2,3,3,1,2,2,3,3,4,3,3,3,2,2,2,3,3,2,2,3,4,3,3,2,2,2,5,2,3,3,0,1
ACCT_1101_OL16_F20,UG,Beginning,O,627,12/13/2020 18:21,3,3,2,2,3,3,2,2,2,3,2,2,2,2,3,3,3,3,3,3,3,2,3,3,2,2,2,3,2,2,2,3,3,3,2,2,2,2,2,2,2,2,3,3,2,6,3,3,2,2,2,2,1,1
ACCT_1101_OL16_F20,UG,Beginning,O,254,12/14/2020 10:08,2,3,2,2,2,2,2,2,2,2,2,3,3,3,3,3,3,3,3,3,3,3,3,3,3,3,3,3,3,3,3,3,3,3,2,2,2,2,2,2,2,2,3,3,3,3,3,3,3,3,3,3,0,0
ACCT_1101_OL16_F20,UG,Beginning,O,151,12/14/2020 13:36,4,4,4,4,4,4,4,4,4,4,4,4,4,4,4,4,4,4,4,4,4,4,4,4,4,4,4,4,4,4,4,4,4,4,4,4,4,4,4,4,4,4,4,4,4,4,4,4,4,4,4,4,0,0
ACCT_1101_OL16_F20,UG,Beginning,O,877,12/14/2020 13:37,1,1,1,1,1,1,1,1,1,4,4,4,1,4,4,4,1,1,1,1,1,1,1,1,1,1,1,1,1,1,1,1,1,1,1,1,1,1,1,1,1,1,2,2,2,4,2,1,1,1,1,1,0,1
ACCT_1101_OL16_F20,UG,Beginning,O,1396,12/14/2020 14:20,2,2,2,2,2,4,4,2,1,4,4,4,1,3,4,4,2,2,2,2,2,1,2,2,1,2,1,2,4,4,4,4,4,4,2,1,2,2,2,2,2,2,2,2,2,3,2,2,2,3,2,2,1,1
ACCT_1101_OL16_F20,UG,Beginning,O,1079,12/14/2020 23:58,1,2,1,1,2,2,2,1,1,2,1,1,1,1,1,1,1,1,2,2,2,1,1,1,1,1,1,1,2,2,2,3,4,3,1,1,2,2,1,2,1,1,2,2,1,3,1,1,2,1,2,1,0,1
ACCT_1101_OL16_F20,UG,Beginning,O,8959,12/15/2020 16:40,1,1,1,1,1,1,1,1,1,1,1,1,1,1,1,1,2,1,1,1,1,1,3,3,1,2,2,1,2,5,2,2,1,2,1,1,2,1,1,1,1,1,1,1,1,7,1,1,1,1,1,1,0,0
ACCT_1101_OL16_F20,UG,Beginning,O,728,12/15/2020 22:22,1,2,1,1,2,2,2,1,1,6,6,3,1,3,3,6,2,2,1,1,1,1,2,2,2,1,1,2,2,5,2,2,3,5,1,2,2,2,2,2,2,1,5,5,3,6,2,2,2,1,2,2,1,1
ACC_2001.NTAF_F20,UG,Intermediate,C,688,12/18/2020 16:58,2,3,4,5,4,4,4,4,4,4,4,3,3,4,4,3,4,4,3,3,3,3,3,3,3,3,3,3,4,4,4,4,3,3,2,2,2,3,2,3,3,4,3,4,3,3,3,3,4,3,3,4,0,0
ACC_2001.NTAF_F20,UG,Intermediate,C,574,12/18/2020 18:52,1,1,1,4,1,4,1,1,1,1,4,1,1,4,4,4,4,4,1,1,1,1,4,4,4,1,1,1,1,1,1,1,1,1,1,1,1,1,1,1,1,1,1,1,1,4,1,4,4,2,1,4,1,
ACC_2001.NTAF_F20,UG,Intermediate,C,581,12/18/2020 22:36,3,3,3,5,3,2,3,3,4,3,5,3,3,3,4,4,4,5,4,3,3,3,5,5,3,3,5,4,3,4,4,4,3,3,3,2,2,2,2,2,2,3,3,3,3,2,3,2,3,3,3,3,0,0
ACC_2001.NTAF_F20,UG,Intermediate,C,17237,12/19/2020 9:55,3,3,2,3,2,3,2,3,2,3,3,4,3,5,5,4,4,4,2,2,2,2,6,6,1,3,6,3,6,6,5,6,6,6,1,1,1,1,1,1,1,3,1,1,1,3,1,2,2,2,2,2,1,1
ACC_2001.NTAF_F20,UG,Intermediate,C,206,12/19/2020 18:07,1,2,2,2,2,1,1,1,3,2,1,1,2,2,3,1,2,3,2,1,2,2,2,2,2,2,2,2,2,2,2,2,2,2,3,1,2,2,4,2,1,2,2,2,2,1,3,1,1,4,3,2,0,0
ACC_2001.NTAF_F20,UG,Intermediate,C,667,12/21/2020 22:46,3,3,3,3,3,4,3,3,4,7,7,7,4,4,4,4,3,3,3,3,3,3,3,4,4,3,3,2,2,4,2,4,2,3,4,3,4,3,3,2,3,2,4,4,6,6,3,4,1,3,3,4,0,0
ACC_2001.NTAF_F20,UG,Intermediate,C,456,12/22/2020 0:47,3,3,3,3,2,3,3,3,3,3,3,3,3,3,3,3,4,4,2,3,3,3,3,3,3,3,3,2,3,4,6,6,7,7,2,2,2,1,1,1,1,1,4,1,2,2,3,2,3,3,3,3,0,
BUS_640.01_Sp21,G,Intermediate,O,428,5/6/2021 21:54,1,2,1,1,1,1,1,1,1,1,1,3,1,2,2,2,1,1,1,1,1,1,1,1,1,1,1,1,3,3,3,3,3,3,2,1,1,1,1,1,1,1,1,1,2,3,2,2,2,1,1,1,1,0
BUS_640.01_Sp21,G,Intermediate,O,636,5/8/2021 13:14,2,2,2,4,1,4,2,3,2,4,4,4,3,4,4,4,4,4,2,2,2,2,2,2,2,2,3,2,4,4,4,4,4,4,2,2,2,2,2,2,2,2,3,4,3,2,3,4,4,3,2,2,1,1
BUS_640.01_Sp21,G,Intermediate,O,999,5/8/2021 16:44,4,6,3,4,3,4,3,2,5,6,4,2,4,4,5,2,4,4,2,4,2,4,3,3,4,2,3,2,1,6,6,6,4,4,2,2,2,6,2,2,2,2,2,3,3,6,3,4,4,4,2,4,1,1
BUS_640.01_Sp21,G,Intermediate,O,495,5/9/2021 14:55,2,2,2,1,2,2,2,3,1,5,3,2,3,2,5,2,2,3,1,2,4,1,2,2,4,2,2,2,1,3,2,2,2,2,1,1,2,1,1,1,1,1,2,3,2,5,4,2,3,2,2,1,1,1
BUS_640.01_Sp21,G,Intermediate,O,348,5/10/2021 8:42,2,2,2,3,2,2,2,2,2,6,3,2,2,2,2,3,2,6,2,2,2,2,2,2,3,3,2,3,6,6,6,6,6,6,2,2,2,2,2,2,2,2,3,3,2,2,2,3,3,2,2,2,1,0
BUS_640.01_Sp21,G,Intermediate,O,2880,5/10/2021 15:15,3,4,4,3,3,3,2,3,2,1,1,1,2,2,2,2,3,3,3,3,3,3,3,3,4,2,4,3,4,4,4,4,4,4,3,2,2,2,2,2,2,2,3,2,3,4,2,2,1,2,2,2,0,1
BUS_640.01_Sp21,G,Intermediate,O,513,5/10/2021 18:32,2,2,2,2,2,2,2,1,1,6,7,7,2,7,7,7,2,2,2,2,2,2,2,3,2,2,2,2,2,2,2,2,2,2,1,1,1,1,1,1,1,1,3,2,3,6,3,3,2,2,2,2,0,1
BUS_640.01_Sp21,G,Intermediate,O,2566,5/11/2021 0:11,3,1,1,1,1,1,4,4,4,5,5,4,4,4,4,5,2,2,2,2,2,2,1,3,4,4,2,2,6,7,7,7,7,7,1,1,1,1,1,1,1,1,3,3,3,3,1,2,1,3,2,2,1,0
BUS_640.01_Sp21,G,Intermediate,O,645,5/12/2021 17:58,2,2,2,2,2,2,2,2,2,3,2,2,2,2,2,2,2,2,2,2,2,2,2,2,2,2,2,2,3,4,4,4,4,4,2,2,2,2,2,2,2,2,3,2,2,2,2,2,2,2,2,2,1,1
BUS_640.01_Sp21,G,Intermediate,O,641,5/14/2021 2:41,2,2,2,2,2,2,2,2,2,4,4,3,2,2,2,3,2,2,2,2,2,2,2,2,2,2,2,2,4,4,4,4,4,4,2,2,2,2,2,2,2,2,2,2,2,2,2,2,2,1,1,1,0,
BUS_640.01_Sp21,G,Intermediate,O,935,5/16/2021 12:01,4,4,3,5,4,4,3,4,3,5,5,4,4,3,5,5,4,3,4,3,4,3,4,5,3,4,3,3,2,2,3,2,3,2,2,2,2,2,2,2,1,2,2,3,2,3,2,3,3,2,2,3,1,1
BUS_640.01_Sp21,G,Intermediate,O,270,5/16/2021 15:34,1,1,1,1,1,1,1,1,1,1,1,1,1,1,1,1,1,1,1,1,1,1,1,1,1,1,1,1,1,1,1,1,1,1,1,1,1,1,1,1,1,1,1,1,1,1,1,1,1,1,1,1,0,0
BUS_640.01_Sp21,G,Intermediate,O,1858,5/17/2021 3:28,2,2,2,1,1,1,1,2,2,2,2,2,2,2,2,2,2,2,2,2,2,2,1,1,3,2,1,1,1,4,4,3,3,3,2,2,2,2,2,2,3,2,4,5,5,4,5,3,3,2,2,4,1,0
BUS_640.01_Sp21,G,Intermediate,O,554,5/18/2021 3:45,3,3,3,6,3,3,2,2,2,2,3,3,3,1,1,1,2,2,2,2,2,2,2,2,2,2,2,2,6,6,6,6,6,6,2,2,2,2,2,2,2,2,4,4,4,5,2,2,2,2,2,2,1,1
BUS_640.01_Sp21,G,Intermediate,O,763,5/18/2021 6:09,3,3,3,3,3,3,3,3,3,4,4,4,3,4,4,4,3,3,3,4,4,4,3,4,3,3,2,4,2,3,3,3,4,3,2,2,2,2,2,2,2,2,4,4,3,4,3,3,3,3,3,3,1,1
BUS_640.01_Sp21,G,Intermediate,O,673,5/18/2021 10:59,3,3,7,3,4,2,5,3,4,6,6,6,4,6,6,6,4,4,3,4,4,3,3,4,3,3,3,3,3,4,4,4,4,4,3,3,3,4,3,3,3,3,3,4,4,3,3,4,4,3,2,2,0,1
BUS_640.01_Sp21,G,Intermediate,O,287,5/18/2021 22:41,1,1,1,1,1,1,1,1,1,1,4,5,2,4,4,4,1,1,1,1,1,1,1,1,1,1,1,1,2,2,2,2,2,2,1,1,1,1,1,1,1,1,1,1,1,1,1,1,1,1,1,1,1,1
BUS_640.01_Su21,G,Intermediate,O,488,7/14/2021 12:47,7,1,1,1,1,1,1,1,1,2,3,1,1,1,1,1,1,2,2,1,1,1,1,1,1,1,1,1,1,2,3,3,5,5,5,1,1,1,1,1,1,1,1,2,1,1,2,2,1,1,1,1,0,0
BUS_640.01_Su21,G,Intermediate,O,414,7/14/2021 15:51,7,1,1,1,1,1,1,1,1,1,3,4,4,2,2,2,3,2,2,1,1,1,1,1,1,1,1,1,1,3,4,3,3,3,4,1,1,1,1,1,1,1,1,2,1,1,2,1,1,1,1,1,0,0
BUS_640.01_Su21,G,Intermediate,O,1242,7/14/2021 18:09,7,2,2,3,2,2,2,2,2,2,2,2,2,2,2,2,2,2,2,3,3,3,2,1,3,1,1,1,1,1,2,1,1,1,2,2,2,2,2,2,2,2,1,1,1,1,7,1,2,2,1,1,0,1
BUS_640.01_Su21,G,Intermediate,O,513,7/14/2021 18:52,7,1,1,1,1,1,2,1,1,1,4,4,4,1,4,4,4,2,2,1,1,1,1,3,1,4,1,3,1,6,6,6,6,6,6,1,1,1,1,1,1,1,1,1,1,1,1,1,1,1,1,1,0,1
BUS_640.01_Su21,G,Intermediate,O,733,7/14/2021 19:56,7,3,4,2,4,4,2,4,4,4,6,6,6,4,6,6,6,4,4,4,4,4,4,4,4,4,3,2,4,2,4,4,3,4,3,2,2,4,4,4,3,2,2,4,4,4,4,4,4,4,4,2,0,0
BUS_640.01_Su21,G,Intermediate,O,487,7/14/2021 22:19,7,2,2,2,2,2,5,2,4,3,6,5,4,3,6,6,6,3,4,3,5,5,3,2,3,2,4,2,2,4,4,4,4,4,4,2,2,2,3,2,2,2,2,3,5,4,3,3,3,4,4,2,1,1
BUS_640.01_Su21,G,Intermediate,O,602,7/14/2021 22:25,7,2,1,1,1,2,2,2,1,1,2,2,1,1,1,2,1,1,4,1,1,1,2,1,1,1,1,1,1,3,4,3,3,3,3,1,1,1,1,1,2,1,1,2,3,1,4,2,3,3,1,2,1,0
BUS_640.01_Su21,G,Intermediate,O,357,7/15/2021 9:15,6,1,1,1,1,1,1,1,1,1,4,4,6,3,6,6,6,2,3,3,2,2,2,2,2,2,2,2,2,2,2,2,2,2,2,2,2,2,2,2,2,2,2,3,3,3,3,3,3,3,3,3,1,1
BUS_640.01_Su21,G,Intermediate,O,546,7/15/2021 13:06,6,2,2,2,2,2,4,2,2,6,4,4,4,2,2,3,3,2,2,2,2,2,2,2,2,2,2,2,2,2,2,2,2,2,2,3,2,3,2,2,2,2,2,3,2,3,6,4,2,3,3,3,1,1
BUS_640.01_Su21,G,Intermediate,O,1084,7/15/2021 13:54,7,2,3,2,1,1,1,1,1,1,1,1,1,1,1,1,1,1,1,2,2,2,1,1,1,4,1,1,1,3,3,3,2,3,2,2,2,2,1,1,1,1,1,2,2,2,6,2,2,1,1,1,0,0
BUS_640.01_Su21,G,Intermediate,O,496,7/16/2021 7:38,5,3,3,2,2,3,3,2,2,3,2,6,2,3,2,1,2,3,2,3,5,5,2,2,3,4,6,2,3,3,4,4,4,4,4,2,2,2,2,2,2,2,2,2,2,2,5,2,2,2,3,3,1,0
BUS_640.01_Su21,G,Intermediate,O,374,7/16/2021 16:08,6,2,2,2,2,2,2,2,2,2,2,3,2,2,2,2,3,2,2,2,2,2,2,2,2,2,2,2,2,5,5,5,4,6,6,2,2,2,2,4,4,4,2,3,3,3,3,3,2,3,2,2,1,1
BUS_640.01_Su21,G,Intermediate,O,403,7/16/2021 22:46,7,1,1,1,1,1,1,1,1,1,4,4,4,1,4,4,4,1,1,1,1,1,1,1,1,1,1,1,1,1,2,1,1,1,1,1,1,1,1,1,1,1,1,1,1,1,5,2,1,1,1,1,0,1
BUS_640.01_Su21,G,Intermediate,O,685,7/17/2021 0:24,5,1,1,1,1,1,1,1,1,1,1,1,1,1,1,1,1,1,1,1,1,1,1,1,1,1,1,1,1,1,1,1,1,1,1,1,1,1,1,1,1,1,1,1,1,1,1,1,1,1,1,1,0,1
BUS_640.01_Su21,G,Intermediate,O,1141,7/17/2021 9:26,6,3,2,2,2,2,2,2,3,2,4,4,4,2,4,4,4,3,2,2,2,4,3,1,2,2,1,2,2,2,4,3,4,4,4,3,3,4,3,2,3,2,1,2,4,4,5,2,2,4,2,2,1,1
BUS_640.01_Su21,G,Intermediate,O,171,7/18/2021 13:45,7,1,1,1,1,1,1,1,1,1,1,1,1,1,1,1,1,1,1,1,1,1,1,1,1,1,1,1,1,3,3,2,3,2,2,1,1,1,1,1,1,1,1,1,1,1,1,1,1,1,1,1,0,1
BUS_640.01_Su21,G,Intermediate,O,828,7/19/2021 12:58,6,2,2,2,2,2,2,2,2,2,4,4,4,1,2,2,4,3,3,2,2,2,2,2,2,2,2,2,2,4,4,5,5,5,5,2,2,2,2,2,2,2,2,4,4,4,3,2,2,2,2,2,1,0
BUS_640.01_Su21,G,Intermediate,O,886,7/19/2021 13:00,5,3,3,3,2,4,5,3,2,2,6,6,6,3,6,6,6,5,5,3,3,3,4,3,4,4,5,3,4,2,2,2,2,3,3,2,2,2,3,3,3,3,3,3,4,2,3,3,3,3,3,3,1,0
ACC_1101_OL13_F21,UG,Beginning,O,466,12/2/2021 12:33,1,1,1,2,1,4,1,1,1,2,2,1,1,1,1,1,2,2,1,1,1,2,4,2,1,2,1,1,2,3,3,3,5,5,1,1,1,1,1,1,1,1,1,1,1,7,1,1,1,1,1,1,1,1
ACC_1101_OL13_F21,UG,Beginning,O,2380,12/3/2021 21:37,3,6,2,7,2,7,1,4,3,2,1,1,3,1,1,1,1,1,2,4,2,1,2,2,2,3,1,2,4,4,4,4,2,2,4,1,1,4,4,1,2,1,4,4,3,2,4,4,4,2,1,1,1,
ACC_1101_OL13_F21,UG,Beginning,O,607,12/13/2021 11:17,2,3,2,3,3,4,4,3,4,3,3,3,3,3,3,3,2,3,3,3,2,3,4,3,2,2,2,3,3,2,3,5,4,4,2,2,2,2,2,2,2,2,2,2,2,2,2,4,4,3,3,3,1,1
ACC_1101_OL13_F21,UG,Beginning,O,1085,12/13/2021 12:26,3,4,3,3,2,3,4,4,4,4,4,4,4,4,4,4,4,4,4,4,4,4,4,4,4,4,4,4,4,4,4,3,3,3,3,3,3,3,3,3,3,3,3,3,3,3,3,3,3,4,4,4,0,0
ACC_1101_OL13_F21,UG,Beginning,O,680,12/13/2021 13:56,5,4,3,4,5,4,3,4,4,5,5,5,5,5,6,5,5,5,3,4,5,4,5,5,3,4,3,4,3,3,3,3,4,4,4,3,4,4,4,4,4,4,4,4,4,4,4,4,4,5,4,4,0,0
ACC_1101_OL13_F21,UG,Beginning,O,125,12/13/2021 14:07,2,2,3,2,3,2,1,2,2,2,2,1,2,3,2,3,2,3,3,3,1,2,1,2,3,2,1,2,2,3,2,3,2,2,2,2,2,2,2,2,2,2,2,2,3,2,2,2,2,2,2,3,0,0
ACC_1101_OL13_F21,UG,Beginning,O,1534,12/14/2021 0:26,2,2,2,2,2,2,2,3,3,4,4,5,2,4,4,4,2,4,2,5,5,5,4,3,4,3,3,3,2,2,3,3,3,3,1,2,3,3,4,4,5,4,4,4,4,4,4,4,4,3,4,2,0,1
ACC_1101_OL13_F21,UG,Beginning,O,528,12/14/2021 23:58,2,2,1,1,2,2,1,1,1,7,7,1,1,2,1,4,1,1,1,1,1,2,1,1,1,3,3,2,7,7,7,6,7,7,1,1,2,2,3,2,3,2,3,3,1,7,1,1,1,1,1,1,1,0
ACC_1101_OL13_F21,UG,Beginning,O,955,12/17/2021 17:07,3,3,4,5,6,3,4,3,6,3,2,1,4,2,2,1,4,4,4,2,3,4,3,3,5,4,2,3,2,3,3,3,5,4,2,2,2,2,2,2,2,3,3,3,2,3,3,2,3,3,3,4,0,1
ACC_1101_OL13_F21,UG,Beginning,O,429,12/18/2021 15:40,3,1,2,2,3,1,1,3,1,4,4,4,2,5,5,4,5,5,1,1,1,1,1,1,3,3,2,1,1,1,1,1,1,1,1,1,1,1,1,1,1,1,1,1,1,1,1,6,1,3,1,1,0,1
ACC_1101_OL13_F21,UG,Beginning,O,106,12/18/2021 17:41,5,4,3,3,4,4,3,6,5,4,4,3,3,3,4,5,6,5,4,2,3,6,6,5,4,4,3,2,5,2,1,1,1,4,6,4,3,3,2,3,2,2,5,2,3,4,3,2,3,4,3,5,1,1
BUS_640.01_Sp21,G,Intermediate,O,428,5/6/2021 21:54,1,2,1,1,1,1,1,1,1,1,1,3,1,2,2,2,1,1,1,1,1,1,1,1,1,1,1,1,3,3,3,3,3,3,2,1,1,1,1,1,1,1,1,1,2,3,2,2,2,1,1,1,1,0
BUS_640.01_Sp21,G,Intermediate,O,636,5/8/2021 13:14,2,2,2,4,1,4,2,3,2,4,4,4,3,4,4,4,4,4,2,2,2,2,2,2,2,2,3,2,4,4,4,4,4,4,2,2,2,2,2,2,2,2,3,4,3,2,3,4,4,3,2,2,1,1
BUS_640.01_Sp21,G,Intermediate,O,999,5/8/2021 16:44,4,6,3,4,3,4,3,2,5,6,4,2,4,4,5,2,4,4,2,4,2,4,3,3,4,2,3,2,1,6,6,6,4,4,2,2,2,6,2,2,2,2,2,3,3,6,3,4,4,4,2,4,1,1
BUS_640.01_Sp21,G,Intermediate,O,495,5/9/2021 14:55,2,2,2,1,2,2,2,3,1,5,3,2,3,2,5,2,2,3,1,2,4,1,2,2,4,2,2,2,1,3,2,2,2,2,1,1,2,1,1,1,1,1,2,3,2,5,4,2,3,2,2,1,1,1
BUS_640.01_Sp21,G,Intermediate,O,348,5/10/2021 8:42,2,2,2,3,2,2,2,2,2,6,3,2,2,2,2,3,2,6,2,2,2,2,2,2,3,3,2,3,6,6,6,6,6,6,2,2,2,2,2,2,2,2,3,3,2,2,2,3,3,2,2,2,1,0
BUS_640.01_Sp21,G,Intermediate,O,2880,5/10/2021 15:15,3,4,4,3,3,3,2,3,2,1,1,1,2,2,2,2,3,3,3,3,3,3,3,3,4,2,4,3,4,4,4,4,4,4,3,2,2,2,2,2,2,2,3,2,3,4,2,2,1,2,2,2,0,1
BUS_640.01_Sp21,G,Intermediate,O,513,5/10/2021 18:32,2,2,2,2,2,2,2,1,1,6,7,7,2,7,7,7,2,2,2,2,2,2,2,3,2,2,2,2,2,2,2,2,2,2,1,1,1,1,1,1,1,1,3,2,3,6,3,3,2,2,2,2,0,1
BUS_640.01_Sp21,G,Intermediate,O,2566,5/11/2021 0:11,3,1,1,1,1,1,4,4,4,5,5,4,4,4,4,5,2,2,2,2,2,2,1,3,4,4,2,2,6,7,7,7,7,7,1,1,1,1,1,1,1,1,3,3,3,3,1,2,1,3,2,2,1,0
BUS_640.01_Sp21,G,Intermediate,O,645,5/12/2021 17:58,2,2,2,2,2,2,2,2,2,3,2,2,2,2,2,2,2,2,2,2,2,2,2,2,2,2,2,2,3,4,4,4,4,4,2,2,2,2,2,2,2,2,3,2,2,2,2,2,2,2,2,2,1,1
BUS_640.01_Sp21,G,Intermediate,O,641,5/14/2021 2:41,2,2,2,2,2,2,2,2,2,4,4,3,2,2,2,3,2,2,2,2,2,2,2,2,2,2,2,2,4,4,4,4,4,4,2,2,2,2,2,2,2,2,2,2,2,2,2,2,2,1,1,1,0,
BUS_640.01_Sp21,G,Intermediate,O,935,5/16/2021 12:01,4,4,3,5,4,4,3,4,3,5,5,4,4,3,5,5,4,3,4,3,4,3,4,5,3,4,3,3,2,2,3,2,3,2,2,2,2,2,2,2,1,2,2,3,2,3,2,3,3,2,2,3,1,1
BUS_640.01_Sp21,G,Intermediate,O,270,5/16/2021 15:34,1,1,1,1,1,1,1,1,1,1,1,1,1,1,1,1,1,1,1,1,1,1,1,1,1,1,1,1,1,1,1,1,1,1,1,1,1,1,1,1,1,1,1,1,1,1,1,1,1,1,1,1,0,0
BUS_640.01_Sp21,G,Intermediate,O,1858,5/17/2021 3:28,2,2,2,1,1,1,1,2,2,2,2,2,2,2,2,2,2,2,2,2,2,2,1,1,3,2,1,1,1,4,4,3,3,3,2,2,2,2,2,2,3,2,4,5,5,4,5,3,3,2,2,4,1,0
BUS_640.01_Sp21,G,Intermediate,O,554,5/18/2021 3:45,3,3,3,6,3,3,2,2,2,2,3,3,3,1,1,1,2,2,2,2,2,2,2,2,2,2,2,2,6,6,6,6,6,6,2,2,2,2,2,2,2,2,4,4,4,5,2,2,2,2,2,2,1,1
BUS_640.01_Sp21,G,Intermediate,O,763,5/18/2021 6:09,3,3,3,3,3,3,3,3,3,4,4,4,3,4,4,4,3,3,3,4,4,4,3,4,3,3,2,4,2,3,3,3,4,3,2,2,2,2,2,2,2,2,4,4,3,4,3,3,3,3,3,3,1,1
BUS_640.01_Sp21,G,Intermediate,O,673,5/18/2021 10:59,3,3,7,3,4,2,5,3,4,6,6,6,4,6,6,6,4,4,3,4,4,3,3,4,3,3,3,3,3,4,4,4,4,4,3,3,3,4,3,3,3,3,3,4,4,3,3,4,4,3,2,2,0,1
BUS_640.01_Sp21,G,Intermediate,O,287,5/18/2021 22:41,1,1,1,1,1,1,1,1,1,1,4,5,2,4,4,4,1,1,1,1,1,1,1,1,1,1,1,1,2,2,2,2,2,2,1,1,1,1,1,1,1,1,1,1,1,1,1,1,1,1,1,1,1,1
BUS640.02_F21,G,Intermediate,O,548,12/11/2021 19:55,2,1,2,1,4,3,2,1,1,3,3,3,1,3,2,2,2,3,2,3,2,3,2,2,2,1,2,2,2,1,1,1,2,3,2,2,2,1,3,2,3,2,3,4,3,6,3,4,2,2,3,1,0,0
BUS640.02_F21,G,Intermediate,O,276,12/12/2021 20:38,2,2,2,2,1,1,1,3,2,2,1,1,1,1,1,1,2,1,1,2,2,2,2,2,2,2,2,2,2,3,2,3,4,3,1,1,2,2,2,1,2,2,3,3,3,6,2,3,2,2,2,2,0,1
BUS640.02_F21,G,Intermediate,O,543,12/12/2021 20:41,1,1,1,1,1,3,3,1,1,3,2,2,1,2,2,1,2,2,1,1,1,1,2,2,2,1,1,1,6,5,3,3,3,6,2,1,1,1,1,1,1,1,3,2,1,7,2,2,1,1,1,1,1,1
BUS640.02_F21,G,Intermediate,O,3479,12/20/2021 15:04,2,2,1,3,1,4,1,2,2,6,6,4,2,6,2,5,2,2,1,1,1,3,5,1,2,2,2,3,2,1,1,1,1,2,2,4,3,3,3,3,4,5,3,4,4,6,3,2,2,2,1,2,1,0
